:020000040800F2
:105000002824002025530008C9D6000887B20008CC
:10501000DDBB00081D73000899F7000800000000C0
:1050200000000000000000000000000089DF000810
:10503000A17F000800000000D9DB00085DE7000840
:105040003F5300083F5300083F5300083F530008F8
:105050003F5300083F5300083F5300083F530008E8
:105060003F5300083F530008B17F000891740008C7
:10507000E17400083F530008257500082D750008ED
:105080003F5300083F5300083F5300083F530008B8
:105090003F5300083F5300083F530008BB7F000800
:1050A0003F530008E1E800083F5300083F53000861
:1050B0003F5300083F5300083F5300083F53000888
:1050C0003F5300083F5300083F5300083F53000878
:1050D0003F530008A1F600083F53000885F7000879
:1050E0003F5300083F5300083F5300083F53000858
:1050F0003F5300083F5300083F5300083F53000848
:10510000000000003F530008000000003F5300086B
:105110003F5300083F530008F1E800083F530008E0
:105120003F5300083F5300083F5300083F53000817
:105130003F53000800000000000000003F5300083B
:105140003F5300083F53000800000000000000002B
:10515000000000000000000000000000000000004F
:105160000000000000000000000000003F530008A5
:105170003F5300083F5300083F5300083F530008C7
:105180003F5300083F5300080000000000000000EB
:1051900000000000000000003F5300083F530008DB
:1051A00000000000000000003F5300083F530008CB
:1051B0003F5300083F5300083F5300083F53000887
:1051C0003F5300083F5300083F5300083F53000877
:1051D0003F5300083F53000800F002F800F092F837
:1051E0000AA090E8000C82448344AAF10107DA4542
:1051F00001D100F087F8AFF2090EBAE80F0013F002
:10520000010F18BFFB1A43F0010318478CAD0000D3
:10521000ACAD0000103A24BF78C878C1FAD8520764
:1052200024BF30C830C144BF04680C607047000020
:105230000023002400250026103A28BF78C1FBD89F
:10524000520728BF30C148BF0B6070476E2900F07D
:105250009384702900F0C38166290AF0C685652908
:105260000AF0C38567290AF0C08561290AF0BF8565
:1052700003681B0A28BF41F08001692900F04084BF
:10528000642900F03D84752900F03A846F2900F00C
:105290008085782900F08F81E92900F01B85E429B9
:1052A00000F01885F52900F01585EF2900F07D85BF
:1052B000F82900F08E810368DB0928BF41F08001E6
:1052C000632900F09C84732900F0A184E32901F094
:1052D000C981F32901F0CE81002070471FB50AF083
:1052E0007FFD01F05FFA0400002000210AF04CFD70
:1052F000401C6060002000210AF05CFDE0601FBDE2
:1053000010B510BD01F029FA1146FFF7E7FF0AF0CA
:10531000DFFC01F00BFB03B4FFF7F2FF03BC01F06D
:105320000FFB00000948804709480047FEE7FEE7F9
:10533000FEE7FEE7FEE7FEE7FEE7FEE7FEE7FEE745
:1053400004480549054A064B70470000CDE70008B0
:10535000D9510008281E00202824002028200020E1
:105360002820002053EA020C00F069802DE9F04B60
:105370004FF00006002B1FBFB3FA83F503FA05F4C4
:1053800024FA05F65E4012BF1643B2FA82F502FA1D
:1053900005F4C5F120051EBF22FA05FC44EA0C0401
:1053A000203556EA044C4FEA144418BF641C4FF0F1
:1053B00000084FF00009904271EB030C39D300292B
:1053C00019BFB1FA81F701FA07F6B0FA80F700FACF
:1053D00007F6C7F120071EBF20FA07FC46EA0C06B5
:1053E0002037B6FBF4FCA7EB0507103F07F01F0BB7
:1053F000CBF120060CFA0BFB2CFA06F644BFB346A1
:105400000026202FA4BF5E464FF0000B5BEA060C7F
:1054100008BF4FF0010B19EB0B09ABFB027C48EB0B
:105420000608C01B06FB02CC0BFB03CC71EB0C0186
:10543000C1E70B46024641464846BDE8F08B13B52E
:105440004FF000004FF00001AFF30080BDE81C40BA
:10545000704700007CB51D4616460C00009001D038
:105460002044401E074B7B442A4669460190304643
:1054700000F09BFB05461CB10020694600F0A8FB2C
:1054800028467CBD710700000FB47CB50C0009AA4A
:10549000009001D02044401E084B7B446946019097
:1054A000089800F082FB05461CB10020694600F018
:1054B0008FFB28467CBC5DF814FB00003D07000014
:1054C00070B5044685690068C10601D5302600E044
:1054D0002026C00707D070BDD4E90121304690478F
:1054E000206A401C20626D1EF6D570BD70B5044662
:1054F00085690078C00707D170BDD4E9012120205B
:105500009047206A401C20626D1EF6D570BD70B5B4
:105510000C460546012A05D02878800600D5EA69A0
:10552000002302E0012305E05B1C934202D2E05C11
:105530000028F9D1A869E618C01AA861286A184499
:1055400028622846FFF7BCFF04E0D5E9012114F8E2
:10555000010B9047B442F8D32846FFF7C7FF70BD50
:10556000F0B40D460188090502D5214C7C4402E0C7
:105570001F4C7C440E34002100F1240608E002F0A8
:105580000F071209E75D42EA03721B097754491CB1
:1055900052EA0307F3D102780023120704D5702DD5
:1055A00006D009B1022311342246F0BC00F04EBAF5
:1055B00001231034F8E770B504460D462146106803
:1055C00000F03BFA024629462046BDE87040002321
:1055D000C6E7D21D22F00703D3E90023C0E7036822
:1055E000126843F0200303600823C3610023B7E778
:1055F00028A900002DE9F05F894604464FF0000A13
:10560000DFF874B1FB44C0F820A02046E168884769
:10561000002874D0252806D0D4E901219047206ABB
:10562000401C2062F1E700265F462046E16888477B
:105630002028054607DB312D05D2781910F8200CFB
:1056400008B10643F1E7B00701D526F00406C4F817
:105650001CA00027C4F818A02A2D09D028460AF05B
:1056600009FB38B304EB8708303DC8F8185019E03F
:1056700059F8041B204604EB87029161E1688847D2
:10568000012F054618D1E069002820DA26F020060F
:105690001DE0D8F8180000EB800005EB4000303822
:1056A000C8F818002046E168884705460AF0E2FA83
:1056B0000028EED1012F0AD02E2D08D12046E16816
:1056C00088477F1C0546022F46F02006C4DBA069F0
:1056D000002803DA404246F00106A061F00701D03D
:1056E00026F010066C2D0BD0682D09D04C2D39D02A
:1056F0006A2D35D0742D35D07A2D33D016E038E0B0
:10570000E1682F4620468847B842054609D16C2FEC
:1057100026D04FF48060E16806432046884705465E
:1057200004E06C2F1AD04FF4807006430DB3A5F13E
:105730004100192802D8203546F400664A46294619
:10574000204626604E46FFF781FD80B101280BD030
:10575000F61D26F0070000F1080956E74020E4E7AF
:105760008020D8E70020D6E706F104094DE7284657
:1057700052E7206ABDE8F09FB8A8000070B5064661
:1057800000F04EF90468054630460A22002100F078
:1057900017FB2C6070BD10B5431C02E010F8011B14
:1057A00071B18107FAD14FF0013202C88C1A8C43D3
:1057B00014EAC211F9D0C01A0A0603D0C01E10BDE7
:1057C000C01A10BD0A0401D0801E10BD0902FCD011
:1057D000401E10BD40EA010370B59B072ED14FF06B
:1057E0000136042A2AD308C810C99D1B9D43121FE5
:1057F00015EAC61517D0D8B2E1B2401A50EA0561D1
:1058000010D198B2A1B2401A50EA05410AD123F052
:105810007F4024F07F41401A50EA052102D1180E42
:10582000A0EB146070BDA342DBD018BA21BA884245
:1058300001D9012070BD4FF0FF3070BD0AB90020C2
:1058400070BD10F8013B11F8014B63B1A3420AD1BE
:10585000521E08D010F8013B11F8014B1BB1A342B6
:1058600001D1521EEDD1181B70BD032A40F23080C9
:1058700010F0030C00F0158011F8013BBCF1020F91
:10588000624498BF11F801CB00F8013B38BF11F812
:10589000013BA2F1040298BF00F801CB38BF00F829
:1058A000013B11F0030300F0C382083AC0F0088006
:1058B00051F8043B083A51F804CBA0E80810F5E78A
:1058C000121D5CBF51F8043B40F8043BAFF300806D
:1058D000D20724BF11F8013B11F801CB48BF11F8E2
:1058E000012B24BF00F8013B00F801CB48BF00F8B2
:1058F000012B704702F0FF0343EA032242EA02420F
:1059000000F002B84FF000020429C0F0128010F03D
:10591000030C00F01B80CCF1040CBCF1020F18BF8B
:1059200000F8012BA8BF20F8022BA1EB0C0100F01E
:105930000DB85FEAC17C24BF00F8012B00F8012BF1
:1059400048BF00F8012B70474FF0000200B5134626
:1059500094469646203922BFA0E80C50A0E80C508F
:10596000B1F12001BFF4F7AF090728BFA0E80C5040
:1059700048BF0CC05DF804EB890028BF40F8042B39
:1059800008BF704748BF20F8022B11F0804F18BFA6
:1059900000F8012B704700004FF0013C50F8042B39
:1059A00051F8043B9A4221D1A2EB0C03934313EA32
:1059B000CC1317D150F8042B51F8043B9A4215D15F
:1059C000A2EB0C03934313EACC130BD150F8042B36
:1059D00051F8043B9A4209D1A2EB0C03934313EA1A
:1059E000CC13DBD04FF00000704700BFD01A01BAD3
:1059F000B1FA81F101F0180122FA01F0CB40C1F1B6
:105A00002001DBB2C0B2C01A2CFA01F3D11A9143C3
:105A100011EAC311E6D17047704770477047000024
:105A200000487047C41D002009684A0501D540B2EE
:105A30007047C905FCD500B2704709684A0501D511
:105A4000C0B27047C905FCD580B270472DE9F04758
:105A50000D4699469246044600F1240801688806DE
:105A600004D5E06921F01001216000E00120A84286
:105A700001DD471B00E00027A1697A1902EB09004C
:105A8000081AA0612078C00602D42046FFF718FD4E
:105A9000002608E0D4E901211AF806009047206AA0
:105AA000401C761C20624E45F4DB2078C0060AD5E7
:105AB0002046FFF705FD06E0D4E90121302090479C
:105AC000206A401C2062381EA7F10107F4DC07E0C1
:105AD000D4E9012118F805009047206A401C206293
:105AE000281EA5F10105F3DC2046FFF7FFFC207816
:105AF000000602D50220BDE8F0870120FBE7000088
:105B00002DE9F0410646002410687529314616A596
:105B100010D0FFF789FF002802DA404213A507E002
:105B200031688A0701D512A502E0490704D511A5FD
:105B3000012401E0FFF781FF00210A2206F124077A
:105B400009E0B0FBF2FCB0FBF2F302FB1C003030CA
:105B500078541846491C0028F3D123462A4630467B
:105B6000BDE8F041FFF772BF000000002D0000000B
:105B70002B0000002000000011680268006A530535
:105B800001D508700AE0D30501D5088006E01306A8
:105B900003D5C217C1E9000200E008600120704788
:105BA00001694A1C02610878704700B58FB0CDE9E1
:105BB00001310021059105497944CDE903101146D1
:105BC0006846FFF717FD0FB000BD0000E5FFFFFFBF
:105BD0000A6802F8010B0A607047D1E900239A4273
:105BE00002D2531C0B601070704710B5436913B19B
:105BF000AFF3008001E0FFF78AFC012010BD1278AE
:105C000000F124010A7000224A700122EDE71168B8
:105C10004FF0FF32E9E700002DE9FF5F15468A46A5
:105C20000446DFF8AC80F8440027D8E900103E466F
:105C3000CDE9001010E03AF816106A4602A800F00C
:105C40006CFD411C07D02178890603D5E26939181B
:105C500091420DD80744761C2078800602D5E06971
:105C6000B84205DDAE42E6DB3AF816000028E2D184
:105C7000A069C01BA0612046FFF722FCD8E90010F4
:105C8000CDE90010002017E03AF818106A4602A883
:105C900000F043FDB0F1FF3F81460BD000250DF130
:105CA000080B05E0D4E901211BF8050090476D1CA5
:105CB0004D45F7D308F10100B0428046E4DB206A8D
:105CC000384420622046FFF711FCBDE8FF9F00002A
:105CD000AAA200002DE9F0418046D21D22F0070261
:105CE0000025D2E90002F52915A614D0011E72F193
:105CF000000106DA0023D0EB030063EB020211A6D9
:105D000008E0D8F800108B0701D50FA602E049077C
:105D100001D50EA601251146002408F1240704E050
:105D200000F0C4F830323A55641C50EA0102F7D151
:105D30002B46324621464046BDE8F041FFF786BE7D
:105D4000000000002D0000002B00000020000000DB
:105D500030B4002100F1240408E002F00705D20865
:105D6000303542EA4372DB086554491C52EA0305A8
:105D7000F3D10468002310A2250707D5A40600D498
:105D800021B1C46901230DA2641EC46130BCFFF7B8
:105D90005DBE10B5044621461068FFF74EFE024670
:105DA0002046BDE810400023D2E7D21D22F00701B3
:105DB000D1E90023CCE70000000000003000000023
:105DC0002DE9F04791460F4680460446002614F818
:105DD000015B2DB100F062F80068405DC007F6D1AC
:105DE0002B2D02D02D2D18D0641E4A463946204650
:105DF00000F044FC27B13968A14201D1C7F8008006
:105E00004FF0020471050BD54042002803DDFFF777
:105E100007FE0460A007BDE8F08746F48066E4E76B
:105E20000028F8DAFFF7FCFD04606FF00040F2E7AD
:105E300010B5203AC0F00B80B1E81850203AA0E825
:105E40001850B1E81850A0E81850BFF4F5AF5FEA59
:105E5000027C24BFB1E81850A0E8185044BF18C90C
:105E600018C0BDE810405FEA827C24BF51F8043BB3
:105E700040F8043B08BF7047D20728BF31F8023B07
:105E800048BF11F8012B28BF20F8023B48BF00F89B
:105E9000012B704700487047C41D002010B500F06A
:105EA00081FC001D10BD00BFE19E000030B5B0F1C7
:105EB0000A024FEA900E71F100034EEA817EB0EBC8
:105EC0000E0061EB91014FEA101E4EEA017E10EBCD
:105ED0000E0041EB11114FEA102E4EEA016E10EB4D
:105EE0000E0041EB11214FEA104E4EEA014E10EB2D
:105EF0000E0041EB1141401841F100014FEAD00082
:105F000040EA41704FEAD10110EB80054FEA81046D
:105F100044EA907444EB01046D1944EB0404521BF1
:105F2000A3414FF0000348BF0A3200D530BD401CEA
:105F300041F1000130BD70472DE9FF4F0C461E4670
:105F40004FF0FF378BB0D2E90001DDF860800A9096
:105F50008A46C1F30A5505B93D46002108464FF06F
:105F60000000BAF1000F00F4400005DA00EB8000F9
:105F70004FF4400101EA50004FEA9059B9F1010F86
:105F800000DDB9460A9850EA4A000ED044F6105097
:105F9000A5F2FF3545432F14B8F1000F1ED075420E
:105FA000291E1EDDC9F100021CE0B8F1010F4FF0FF
:105FB000000001D0302103E0F24305E02154401CF1
:105FC000B042FBDB30460022002121540B99C1F87E
:105FD0000880C1E900200FB0BDE8F08FBD1B6D1C2B
:105FE000DEE74A4600DA694206A800F02DFC06AB5F
:105FF00093E8070003AB83E8070050460A9900F0D6
:10600000A6FC8DE80700A0F500501F38009003980B
:10601000002D0ADD42F21F014A460844002303A96D
:106020000390684600F00FFF09E0A0F500504A46D3
:106030001F38002303A90390684600F019FF8DE87C
:1060400007000004000C03D04FF0FF30410800E0CF
:106050001046B8F1000F03D00022009215461EE052
:10606000751E05D4FFF722FF303262556D1EF9D53B
:10607000B3460122084302D000227F1C04E02078AE
:10608000302801D100227F1E002A099784D01DE00C
:10609000112D07DAFFF70AFF303262556D1C50EA06
:1060A0000102F5D1084302D00098C8B10EE00021EA
:1060B000681E05E0235C625C63542254401E491C48
:1060C0008142F7DBAB46A81B401E0990002004F874
:1060D0000B000B98099AC0F80880C0E9002B7AE7FA
:1060E00011264FF0000857E72DE9F04F8846044687
:1060F000D21D22F0070191B0D1E90001CDE90A01DA
:1061000009F084FD02460B98C00F01D02D2007E056
:106110002068810701D52B2002E0202101EAC00080
:10612000032A099001D0072A05DB03464146204691
:1061300000F03CFB0BE12078800601D5E06900E02F
:106140000620B8F1650F814606D0B8F1660F18D069
:10615000B8F1670F70D131E00020B9F1110F009054
:1061600001DB112301E009F101030AAA01A90CA82E
:10617000FFF7E2FEDDE90C70002609F10105834618
:1061800047E001204B4600904FF000470AAA01A9C2
:106190000CA8FFF7D1FEDDE90DB00C995D46002695
:1061A00010B909F101000D18B9EB050003D4C0F1D5
:1061B000FF3609F10105A5EB09002BE0B9F1010F4C
:1061C00001DA4FF001090020B9F1110F00904846A3
:1061D00001DD112300E003460AAA01A90CA8FFF77C
:1061E000ABFEDDE90C704D460026834620780007A3
:1061F0000AD4AB4500DA5D4601A8012D04DD411942
:1062000011F8011C302907D04F4502DA17F1040FAD
:1062100004DA012082460FE06D1EEEE7002F02DC5B
:10622000ED1B3E4403E0781CA84200DD7D1CB81B3A
:1062300000F1010A4FF000472078000703D4AA4577
:1062400001DB4FF0FF3A0021B7F1004F0DF1430899
:106250008DF8431024D002202B23002F01DA7F4237
:106260002D230A21021EA0F1010000DC5FB197FB83
:10627000F1FC97FBF1F201FB1C7C17460CF1300C92
:1062800008F801CDEEE7A8F10100037021880905A7
:1062900001D5452100E06521A0F1010800F8011CAD
:1062A00009980FA9A1EB0807FF1D00B101204119B2
:1062B00001EBEA70A1693844081A401EA0612078F9
:1062C000C00602D42046FFF7FBF8099828B1D4E9AC
:1062D00001219047206A401C20622078C00622D508
:1062E0002046FFF7EDF81EE0002E04DBB34502DD8B
:1062F00001A8805D00E03020D4E901219047206AA8
:10630000401C2062761CAAF101005FEA000A0AD153
:1063100000F048FAC0680168405CD4E90121904768
:10632000206A401C2062281EA5F10105DCDC07E084
:10633000D4E9012118F8010B9047206A401C206223
:10634000381EA7F10107F3DC2046FFF7CFF8032042
:1063500011B041E62DE9F04F04460D46D21D22F062
:10636000070089B0D0E900974846394609F04EFC4D
:106370000246F80F01D02D2307E02068810701D5E0
:106380002B2302E0202101EAC0038DF820300BB15D
:10639000012000E00020032A824601D0072A04DB06
:1063A0002946204600F002FA3FE12078800601D419
:1063B0000D2500E0E569C7F30A560D2D49DA0021E5
:1063C0004FEA175B08464FF00000002F00F4400032
:1063D00007DA00EB80004FF4400100EBD07001EAD7
:1063E00060008115012901DD4FF0FF3100224FEAE5
:1063F000850CBCF1180F06D31346ACF118004FF012
:106400008052C24003E04FF4801323FA0CF30CF1E6
:106410000C0CBCF1200F04D3ACF1200C09FA0CF0E9
:1064200001E007FA0CF000294FF0004801DD18B92F
:106430000FE00ED140450CD319EB02095F4121B9A1
:10644000404502D19F4329EA0209BBEB175F00D008
:10645000761C2088000502D57B48784402E07A4803
:106460007844193808AA302302F80A30037C0AF16C
:106470000101002E0AF1020A53546A4602DC4FF071
:10648000300101E04FF031014FF001088DF80010AC
:1064900002D0A6F2FF3603E059EA470100D06B4E66
:1064A000002D02DC2178090704D54FF002082E21C7
:1064B0008DF80110C44600210BE0C7F303433F01F0
:1064C000C35C491C6D1E02F80830052908F101085B
:1064D00001DA002DF1DC00210CE000EB1973491CFE
:1064E0001B786D1E082902F808304FEA091908F1D7
:1064F000010801DA002DF0DC21688B0602D516E0D8
:10650000A8F10108E04505DD02EB080313F8013CA2
:10651000302BF5D0B8F1000F09DD02EB080313F8BA
:10652000013C2E2B03D1090701D4A8F10108002D4D
:1065300005DD3E2102F808106D1E08F10108407CBF
:10654000002E02F8080008F1010804DA2D20764236
:1065500002F8080002E02B2002F808000A214FF49C
:106560007A70864208F101080BDB96FBF0F33033BA
:1065700002F8083096FBF0F308F1010800FB1366FF
:1065800001E0642E0CDB642096FBF0F3303302F85C
:10659000083096FBF0F308F1010800FB136601E0F8
:1065A0000A2E06DB96FBF1F0303002F8080008F105
:1065B000010896FBF1F001FB1060303002F8080092
:1065C000A16908F1010808EB050202EB0A00081AAC
:1065D000A0612078C00602D42046FEF771FF216A30
:1065E00008AE01EB0A00206204E0D4E9012116F8AC
:1065F000010B9047BAF1010AF7D22078C00602D504
:106600002046FEF75DFF6E4609E016F8010B3E28B6
:106610000FD0D4E901219047206A401C2062B8F1D4
:106620000108F2D22046FEF761FF09B00320BDE861
:10663000F08F206A2844206203E0D4E90121302051
:1066400090476D1EEBD3F8E7919A000002FCFFFF24
:1066500010B5436913B1AFF3008001E0FFF7DCFA36
:10666000012010BD128800F1240182840022C2841E
:106670000122EDE711684FF0FF32E9E72DE9F05F05
:10668000824615468B4600270AF10104B946007878
:10669000302801D09DB113E014F8010B01277828B0
:1066A00003D0582801D045B10AE00DB1102D07D113
:1066B000002714F8010B102502E0082500E00A2548
:1066C0000026B0460EE005FB080005FB06F1012799
:1066D0001FFA80F801EB1046B6F5803F00D3B946AB
:1066E00014F8010B294600F0A1F80028EBDABBF101
:1066F000000F05D00FB1641E00E05446CBF80040F7
:10670000B9F1000F06D0FFF78BF902210160C81E16
:10671000BDE8F09F48EA0640FAE770B516460C4619
:106720000546FFF7BBFB036893F80101012806D07B
:10673000FF2C0FD8185D68B101202C7070BDD3F804
:1067400007013246214603F2071303442846BDE8F9
:10675000704018474FF0FF3070BD7546FFF79AFB49
:10676000AE4605006946534620F00700854618B03E
:1067700020B5FEF7E5FDBDE820404FF000064FF0E4
:1067800000074FF000084FF0000B21F00701AC4666
:10679000ACE8C009ACE8C009ACE8C009ACE8C00985
:1067A0008D46704700487047E41D00202DE9F041F8
:1067B0001F46044603260168072A01F4006004DB33
:1067C00008B116A505E016A503E008B115A500E07F
:1067D00015A521F010002060A069C01EA0610FB1B6
:1067E000401EA0612046FEF76BFE4FB1D4E90121A7
:1067F00038469047206A401C2062C01C206206E098
:10680000206AFAE7D4E9012115F8010B9047761EBA
:10681000F8D22046FEF76AFEBDE8F0814E414E00F8
:106820006E616E00494E4600696E66003A2800D2DD
:10683000303820F02002412A01D3A2F137008842EB
:1068400001D34FF0FF3070472DE9F04781461646DF
:106850008AB0354878440DC88DE80D003248784438
:10686000801C03AC0DC884E80D0041F69B30084441
:10687000372190FBF1F290FBF1F5A5F1800501FBCA
:1068800012041B3C02D56442012000E00020DFF826
:1068900098A080460027FA44AAF1BE0A0EE0E0075D
:1068A0000AD03246684607EB470101230AEB810113
:1068B00000F0DEFA8DE8070064107F1C002CEED19A
:1068C000194F7F44AE3F19E0E80715D007EB0410DD
:1068D0000DF1180A90E80E008AE80E00C068F04238
:1068E00001D1981908903246012306A903A800F0A7
:1068F000BFFA03AB83E807006D10641C002DE3D1E1
:106900004FF0010332466946B8F1000F03A802D0E8
:1069100000F099FA01E000F0ABFAC9E90001C9F80A
:1069200008200AB0BDE8F0872897000010B504469B
:10693000AFF300802046BDE81040FEF7ECBC00003D
:1069400001491820ABBEFEE72600020070475FEA4F
:10695000400C08BF91F0000F4FEA8C234FEAC12290
:1069600043EA51514FEA1C5018BF00F5F0404FEA7E
:10697000300018BF41F000415FEA6C5C00F02980F4
:10698000BCF1FF3F08BF40F080407047130C06BFCA
:1069900012044FF0100C4FF0000C130E04BF120243
:1069A0000CF1080C130F04BF12010CF1040C930F2F
:1069B00004BF92000CF1020CD30F04BF52000CF183
:1069C000010C11464FF00002A0F11F00A0EB0C00DB
:1069D000704711F0004F08BF704731F000413FF49D
:1069E000D5AF0B0C06BF09044FF0100C4FF0000C94
:1069F0000B0E04BF09020CF1080C0B0F04BF0901B8
:106A00000CF1040C8B0F04BF89000CF1020CCB0FAE
:106A100004BF49000CF1010CCCF12003A0EB0C00E9
:106A200022FA03F302FA0CF241EA030100F1010039
:106A3000704720F07F4C80EA030023F07F47ACEBE7
:106A4000070303F57C5300F0004003F1FF032DE939
:106A500080494FEA154B09B44FEA144325EA0B4E1F
:106A600024EA03480FF2042606EB132749083E7870
:106A70005FEA320203FB0667C7F5000707FB06F66D
:106A80004FEA54374FEAD64606F1020607FB066C7A
:106A9000CCF1005C4FEA1C472CEA074C07FB06F4DC
:106AA0000CFB06F504EB15464FEA961634BF0020A2
:106AB0004FF000404FEAD13706FB07FC4FEA1C4C71
:106AC0000CFB0BF7D21B03FB0CF761EB07010CFB74
:106AD0000EF7B0EB074072EB17420CFB08F734BF20
:106AE000A2EB0742B2EB074261EB17414FEA0C44BD
:106AF0004FEA910706FB07FC4FEA1C4C0CFB0BF717
:106B0000B0EBC74072EB573203FB0CF734BFA2EB7C
:106B1000C742B2EBC74261EB57310CFB0EF7B0EB4B
:106B2000C70072EB57720CFB08F734BFA2EBC70229
:106B3000B2EBC70261EB5771039F4FEA816141EAF3
:106B4000921104EBCC044FEAD1374FEA826206FB84
:106B500007FC42EA90124FEA80604FEA1C4C0CFBA3
:106B60000BF7D21B03FB0CF761EB07010CFB0EF7D5
:106B7000B0EB074072EB17420CFB08F734BFA2EBF7
:106B80000742B2EB074261EB17414FEA8C554FEADF
:106B9000910704EB9C2406FB07FC4FEA1C4C0CFB02
:106BA0000BF7B0EBC74072EB573203FB0CF734BF67
:106BB000A2EBC742B2EBC74261EB57310CFB0EF7B9
:106BC000B0EBC70072EB57720CFB08F734BFA2EBB7
:106BD000C702B2EBC70261EB577115EB4C254FEAC8
:106BE000816141EA92114FEA82624FEAD13742EA6B
:106BF000901206FB07FC44F100044FEA80604FEA64
:106C00001C4C0CFB0BF7D21B03FB0CF761EB0701D1
:106C10000CFB0EF7B0EB074072EB17420CFB08F7CA
:106C200034BFA2EB0742B2EB074261EB174115EB11
:106C30001C154FEA813141EA92414FEA823242EA21
:106C400090424FEA80304FEA0C7644F1000448EA63
:106C500003434EEA0B484FF0000EB2EB080C71EB09
:106C6000030724BF624639464EEB0E0E4FF0000B71
:106C70000018524149414BEB0B0BB2EB080C71EB86
:106C800003077BF1000B24BF624639464EEB0E0E24
:106C90004FF0000B0018524149414BEB0B0BB2EB8C
:106CA000080C71EB03077BF1000B24BF62463946E9
:106CB0004EEB0E0E51EA020718BF46F0010616EB26
:106CC0000E7655F1000254F1000103D5BDE88901AB
:106CD000BDE80088BDE88901BDE80048B619524109
:106CE00041EB0101A3F10103704780807F7E7D7C31
:106CF0007B7A7978777676757473727171706F6E4E
:106D00006E6D6C6C6B6A6A696868676666656464F8
:106D1000636362616160605F5F5E5E5D5D5C5C5B82
:106D20005B5A5A59595858575756565555555454F1
:106D3000535352525251515050504F4F4F4E4E4D4F
:106D40004D4D4C4C4C4B4B4B4A4A4A49494948489B
:106D500048474747474646464545454444444443DB
:106D600043434342424242414141002B9C4630D47E
:106D700077002BD01CB54FEA370703B44FF0100053
:106D80004FF01001BAF1000F06D0BCF1000FDCBFCC
:106D900040F0080040F008014FF000000FBCBDE8D3
:106DA00010400BF1010BBBF1010F08BF5FEA1707A1
:106DB00022BF12F1010211F101014FF0004143F134
:106DC000000300F0004043EA00007047F9D3570881
:106DD000D0E746EA064613F1400F4FEA16461FDD9C
:106DE00013F1200FDFBF16430A46002120335B4218
:106DF000BED0C3F1200746EA064602FA07F74FEA7B
:106E0000164646EA0706C3F1200722FA03F201FA02
:106E100007F721FA03F14FF0000342EA0702A7E760
:106E200046EA020646EA06464FEA164646EA0106E2
:106E3000BCBF46EA0646360C4FF000034FF0000296
:106E40004FF0000194E72DE9804C9A46934670B4C8
:106E500091E8380007C831EA400C48BF34EA430CD7
:106E600003D5FFF7E6FDFFF780FFF0BCBDE8008C1F
:106E70002DE9804C9A46934670B491E8380007C8D3
:106E800010F0804F08BF13F0804F03D100F005F8D9
:106E9000FFF76BFFF0BCBDE8008C20F07F4780EA75
:106EA000030023F07F4C07EB0C03A3F57C5300F0A9
:106EB0000040A3F1FE0392F0000F00F0B38095F0C4
:106EC000000F00F077802DE901494FEA11404FEAA9
:106ED000144621EA004800FB06FC24EA064708FBAA
:106EE00006F607FB08F800FB07F718EB06484CEB23
:106EF000164C4FEA124B18EB07484FEA15464CEB7D
:106F0000174022EA0B4E0BFB06FC25EA06470EFB58
:106F100006F607FB0EFE0BFB07F71EEB064E4CEBCF
:106F2000164C4FF000061EEB074E4CEB174B18EBC0
:106F30000B0840F1000018EB0E0B58EB000840F175
:106F400000008F1A4FF000013CBFC943661B14BFFD
:106F5000B5EB040C00213CBFC943F61B4FEA1744B4
:106F60004EEA8E0E27EA04454FEA1C4704FB0762EF
:106F70002CEA074C05FB07F70CFB05F604FB0CFCA1
:106F800016EB074642EB174216EB0C4642EB1C424F
:106F90001BEB060658EB0202414146EA9E0601D56C
:106FA000BDE80189B619524141EB0101A3F101038A
:106FB000BDE801894FEA14454FEA114724EA054626
:106FC00021EA074C05FB07F406FB07F70CFB06F16B
:106FD00005FB0CFC11EB074144EB17444FEA124749
:106FE00011EB0C4144EB1C4422EA074C05FB07F271
:106FF00006FB07F70CFB06F605FB0CFC16EB074639
:1070000042EB174216EB0C4642EB1C456A1854F152
:10701000000148BF7047B619524141EB0101A3F18D
:107020000103704795F0000F37D04FEA11424FEA45
:10703000144721EA024624EA074C02FB07F106FB4B
:1070400007F70CFB06F402FB0CFC14EB074441EBC6
:1070500017414FEA154714EB0C4441EB1C4125EA5C
:10706000074C02FB07F506FB07F70CFB06F602FBD5
:107070000CFC16EB074645EB174516EB0C4645EBAB
:107080001C42121951F1000148BF7047B619524114
:1070900041EB0101A3F1010370474FEA14454FEAA8
:1070A000114724EA054621EA074C05FB07F106FBD8
:1070B00007F70CFB06F24FF0000605FB0CFC12EB89
:1070C000074241EB174112EB0C4251EB1C4148BF08
:1070D0007047921841EB0101A3F1010370470000D2
:1070E00009480A49086000BF00BF00BFBFF34F8FC7
:1070F00000BF00BF00BF00BF00BF00BFBFF36F8F66
:1071000000BF00BF00BF70470050000808ED00E05E
:1071100010B50446052C18D2DFE804F00305070A71
:107120000E000A2010BD0A20FCE705F02FF9F9E750
:107130000748408980B2F5E7064890ED020ABCEEA8
:10714000C00A10EE100A80B2ECE74FF6FF70E9E7D4
:10715000E01000204400002070B505460C460C2DC0
:1071600077D2DFE805F0060E161C3594969A9EA29B
:10717000BDC3012C01D0022C01D107F09FFB0020E0
:1071800070BD012C01D0032C01D107F07BFB002046
:10719000F6E7012C01D107F091FB0020F0E700EEAB
:1071A000104AB8EE400A554880ED020AD0ED020AB6
:1071B000B0EE600A07F014FB5048D0ED020AB0EEC2
:1071C000600A4F4807F03EFA07F05CFB0020D7E763
:1071D000002C5ADD072C58DA48490C701126072C70
:1071E00043D2DFE804F042040E18222C3700454851
:1071F000424948609FED440A084680ED020A112684
:1072000034E040483D4948609FED400A084680ED23
:10721000020A17262AE03B48384948609FED3C0A9D
:10722000084680ED020A112620E0364833494860BE
:107230009FED370A084680ED020A112616E0314814
:107240002E4948609FED320A084680ED020A112659
:107250000CE051E04FF4E130284948609FED2D0AE1
:10726000084680ED020A002600E000BF00BF01F0E2
:107270000DF8002E08DD2148D0ED020AB0EE600ABC
:1072800031461F4807F070F900BF002078E7002062
:1072900076E72149CC70002072E71F490C7100206D
:1072A0006EE71D494C7100206AE71B498C71134839
:1072B0000078012804D0022806D003280CD107E06A
:1072C0000C201549087008E00F201349087004E0ED
:1072D0000B201149087000E000BF00BF00204FE7FD
:1072E0000D498C700D200870002049E70A494C7048
:1072F0000A200870002043E7012041E744000020F5
:10730000641D0020A025260000007A4400409C4512
:107310000000FA420000FA43E010002000BFFEE740
:1073200010B5032012490870124890F876011249EE
:107330000870104890F8770140F0800048700C48C1
:10734000007840F05000887003210B4804F0D4FF0F
:1073500004460949CC70200A08710846C1F80402A5
:10736000052180F8081200F5017008F017FA10BD29
:107370005B000020100800200404002010B5082045
:1073800012490870124890F87601124908701048A6
:1073900090F8770140F0800048700C48007840F089
:1073A0005000887003210B4804F0A6FF04460949E9
:1073B000CC70200A08710846C1F80402052180F843
:1073C000081200F5017008F0E9F910BD5B0000201B
:1073D000100800200404002010B50720124908708E
:1073E000124890F8760112490870104890F8770119
:1073F00040F0800048700C48007840F050008870E1
:1074000003210B4804F078FF04460949CC70200A98
:1074100008710846C1F80402052180F8081200F539
:10742000017008F0BBF910BD5B00002010080020BF
:107430000404002010B5092012490870124890F881
:10744000760112490870104890F8770140F08000EA
:1074500048700C48007840F05000887003210B48B9
:1074600004F04AFF04460949CC70200A0871084616
:10747000C1F80402052180F8081200F5017008F037
:107480008DF910BD5B0000201008002004040020CE
:1074900010B50F48006800F00200A0B102200C49AE
:1074A000486000BF0B48006800F4C0500028F9D1C4
:1074B00000BF0848006800F080000028F9D14FF4B0
:1074C000805005490860054801F079FB10BD0000B7
:1074D000000002400838004018040048C4000020A2
:1074E00010B50D48006800F0200080B10A484068DF
:1074F00040F02000084948600846C06920F00100BB
:10750000C8610648006840F040000449086004482B
:1075100001F055FB10BD00000000024000380140A2
:10752000E402002010B500F05BFD10BD10B500F0C6
:107530006DFD10BD30B50E4D0468AC4201D20D4951
:1075400001E00C4920310B460478083C1425B4FBBB
:10755000F5F2446CA40803EB84048464054C803485
:10756000C46402F01F050124AC40046530BD000076
:10757000080402400008024001794A1E064B03EB52
:1075800082024265044A403282654A1E02F01F03AD
:1075900001229A40C2657047000902402DE9FE4F62
:1075A00080465548007A012825D10121002304E0B6
:1075B00001EB810461005C1CE3B24F4C247C9C42D3
:1075C000F6DC4D4B5B790BB93C2300E03C231A46BB
:1075D000494BD888B8F1000F01D0084400E0401AA8
:1075E00000E0801A9042FCDA00E010440028FCDB46
:1075F000414CE0807BE040484079012801D1BDE862
:10760000FE8F3D48C2884179684606F095FA01260A
:1076100000279DF8010000BB3749087C9DF8021047
:10762000012909D13449497A012900D1001D324983
:10763000497A022900D1083000210BE00A234FF0DB
:10764000000AB446ACFB032B07FB03B306FB0A3767
:107650001646491C8142F1DB2CE09DF8010001280F
:1076600012D100200BE010224FF000093346A3FB9B
:10767000021A07FB02A206FB09270E46401C1E4900
:10768000097C8142EFDC15E09DF80100022811D150
:1076900000200BE002234FF00009B446ACFB031AB4
:1076A00007FB03A206FB09270E46401C1249097C72
:1076B0008142EFDC1048C468E517B8F1000F02D032
:1076C000A4197D4102E0A41B65EB07050298C117D0
:1076D000001BA94101DA029C06E00198C117201A9B
:1076E00075EB010000DA019C0348C46000BF00F0A4
:1076F00053FB00BF83E70000FC0A002008B51E4AC8
:10770000117050704FF480521C4B1A601C4A9268E2
:1077100022F001021A4B9A600F225A600222DA60AC
:107720001A46926842F001029A6000BF144A126839
:1077300002F00202002AF9D000BF124A126802F4D5
:10774000C052002AF9D100BF0E4A126802F080022E
:10775000002AF9D1009204E09DF80020521CD2B218
:1077600000929DF800200F2AF6DB4FF48052034B65
:10777000103B1A6008BD00003800002028040048B3
:10778000000002400838004010B52848807F0028DB
:107790004AD12648008C401C244908840846008CA5
:1077A000962842DB00200884084690F82400401CFC
:1077B00081F82400112205211C48FEF79BF81B4884
:1077C00090F82400012802DB152018490871174899
:1077D00090F82400022802DB18201449C8701348CE
:1077E00090F82400032802DB1520104988700F4808
:1077F00090F82400042802DB19200C4948700B483B
:1078000090F82400052802DB182008490870074872
:1078100090F82400052808DB01200449887700201F
:1078200081F82400088400E000BF10BDFC0A00209D
:1078300010B528210F48FEF787F80F48006841F27D
:10784000020108430C4908600B4808300B490861E5
:107850000B4848610848001F006840F04000064996
:10786000091F0860002003490872887781F8240006
:10787000088410BDFC0A00200438004000000240CB
:10788000380000202DE9FE43B6480568012020EAB3
:10789000151620EA551720EA951820EAD519EFB1F8
:1078A000B8F1000F1AD0B048007A032814D1AE48BE
:1078B000808A401CAC4988820846808A32280BDBCB
:1078C0000846C07E40B90120C8760872002088832F
:1078D000A649087000F060FABDE8FE83A248007A6D
:1078E00070B9A148807F01280AD146B102209E4983
:1078F0008877012008728876C87600F04DFAEBE7A9
:1079000000240EB101240BE00FB1022408E0B8F10D
:10791000000F01D0032403E0B9F1000F00D00424CC
:10792000002C7CD09048807EA04209D000208E4957
:107930008882C876084684760020C882FA200883A8
:107940008948808A401C88498882042C49D108468D
:10795000808AB0F57A7F44DB0846C07EF0BB012008
:10796000C8760846007A012819D102200872084614
:10797000407928B90846C0887D4951F8200004E0C4
:107980007948C0887B4951F820007749C8600020B9
:1079900048720846007C8883002008741DE0724805
:1079A000007A022819D17048407938B96E48C06809
:1079B0006D49C9886E4A42F8210006E06A48C068ED
:1079C0006949C9886B4A42F8210000F0D5F8664839
:1079D000007F654908740020888300E001E000F022
:1079E000DBF96148007A032827D05F48808AB0F528
:1079F0007A7F22DB022C01D0032C1ED15A48C08A88
:107A0000401C5949C8820846C08A098B8842F0DB6D
:107A100000205549C882022C02D1012101E00DE06D
:107A200000210846FFF7BAFD4F48008B1E2804DDF1
:107A30004D48008B0F384C49088391E04A48807EBE
:107A40000028FAD04848C07E002875D14648808A70
:107A5000142871DB4448007A03287DD04248807E98
:107A6000012806D002281ED0032820D0042872D175
:107A700021E03D48007A022808D101203A490872E5
:107A80000846007F08740020888309E03648407962
:107A900008B9012000E00020334948710020C88067
:107AA00000F07AF957E00120FFF778FD53E000205D
:107AB000FFF774FD4FE02C48007A01280AD12A48CC
:107AC000007C401CC0B228490874022842DD002016
:107AD00008743FE02448007A02283BD12248C2883B
:107AE0004179684606F028F81F484079012811D1ED
:107AF0009DF80100F8B99DF80200012827D11A4825
:107B0000407A401CC0B21849487202281FDD00208C
:107B100048721CE09DF8010078B99DF80200012828
:107B20000BD11148407A401CC0B20F49487202285C
:107B30000DDD002048720AE00EE00B48007C401C7E
:107B4000C0B209490874032801DD0020087400F060
:107B500023F900BF00BF00BF002003498876888258
:107B600000BFB9E610040048FC0A00205B000020BA
:107B7000240B0020140C002008B504200D490872C5
:107B8000002048844FF480500B4908600BA0006827
:107B900000900A2302226946094802F09FFB4FF435
:107BA0008050054910390860052001F0EFF806F013
:107BB0000BF808BDFC0A00202804004800FF000064
:107BC000600000203EB5684800786849097888421E
:107BD0001AD06548007840B10320654908726248B0
:107BE0000078888300F0D8F80AE06148007A03281A
:107BF00006D101205E4908720020888300F0CCF88D
:107C000059480078594908705748007858B1584881
:107C1000007A032807D0032055490872524800789B
:107C2000888300F0B9F85248007A40B9FFF7ACFDFC
:107C30004F48807F012804D1FFF724FE01E0FFF7C1
:107C400021FE4B484B490978405CFE2801D1FE24B7
:107C500005E0474847490978405C47490C5C44487F
:107C6000007A032805D143480078022801D104F0A6
:107C70007F043F48408A401C3D4948820846408A6C
:107C8000B0F5C87F01DB002048823948007A04281B
:107C90001DD13748408C401C354948840846408CEB
:107CA000B0F5966F05DB002048840120087200F0D3
:107CB00073F82F49498C4FF4967291FBF2F000EB68
:107CC000D0714910A0EB410109B92B48447C2848E8
:107CD000007AB8B32648007A032806D12448408A9F
:107CE000C8282FDB2448447C2CE0FF252048007A5C
:107CF000012802D11E48057C19E01D48007A02289F
:107D000015D11B484079012801D1FF250FE0184803
:107D1000C2884179684605F00FFF9DF8010018B947
:107D20009DF80200012801D01148057C00BF1148D0
:107D30000078A84205D10E48408AC82801DA04F02C
:107D40007F0400BF0D480B4A1278815C2046FFF784
:107D5000D5FC08480078401CC0B2064908700528C8
:107D600001DB002008703EBD5B0000203B000020CE
:107D7000FC0A00203A00002064FE000880FE000893
:107D800010B504460348848303200249087200F0BA
:107D900003F810BDFC0A00203EB57F48007A00B908
:107DA0003EBD112205217C48FDF7A4FD7A48007AEA
:107DB00003281AD11520784908711720C8708870D7
:107DC0000846808B0A2190FBF1F090FBF1F201FB59
:107DD0001200714948700846808B0A2190FBF1F22D
:107DE00001FB12006C490870DAE76B48007A012841
:107DF00030D16948407908B9142000E00D20664967
:107E000008710846407908B90A2000E01420624948
:107E1000C8700846C088642190FBF1F00A2190FBED
:107E2000F1F201FB12005C4988700846C0880A2103
:107E300090FBF1F090FBF1F201FB12005649487003
:107E40000846C0880A2190FBF1F201FB120052495A
:107E50000870A5E75048C2884179684605F06CFE75
:107E60004D48C4689DF8010001280FD112204A49ED
:107E70000871002007E0810044FA01F101F00F01D0
:107E8000454A1154401C0428F5DB82E09DF80100AE
:107E900002280ED10B2040490871002006E044FA68
:107EA00000F101F001013C4A1154401C0428F6DBAA
:107EB0006FE0002C01DA614200E0214608469DF89F
:107EC0000210B1B9002C01DA102100E01121324A70
:107ED000117100210AE00A22B0FBF2F302FB130247
:107EE0002D4B5A540A22B0FBF2F0491C0429F2DB54
:107EF0004EE02949497A91B91621274A117100218A
:107F00000AE00A22B0FBF2F302FB1302224B5A549E
:107F10000A22B0FBF2F0491C0429F2DB38E01E49CA
:107F2000497A012916D110211B4A117142F21071B0
:107F3000B0FBF1F000210AE00A22B0FBF2F302FBF1
:107F40001302154B5A540A22B0FBF2F0491C0429C3
:107F5000F2DB1DE0FE21104A11711049B0FBF1F077
:107F600098B10A21B0FBF1F201FB12010A4A11702B
:107F70000A280DD30A21B0FBF1F10A22B1FBF2F37A
:107F800002FB1311044A517002E00021024A1170F1
:107F900000BF00BF04E70000FC0A002000E1F50577
:107FA00070470168096821F0040102681160704798
:107FB00010B5102001F002F810BD10B5202000F01F
:107FC000FDFF402000F0FAFF802000F0F7FF10BD19
:107FD0000168096841F004010268116070470000FF
:107FE00010B50848006800F4005048B105484068E2
:107FF00040F40050034948600348008800F018F836
:1080000010BD0000000002404000002000B50748FD
:10801000006800F4003038B10448406840F4003093
:108020000249486000F0D6F800BD000000000240A0
:1080300010B504460A48406C20F003000849486423
:108040000848006820F0400006490860064804809F
:108050000320064908702146054800F0F9F910BDD3
:1080600000000240084800403E0000203C00002084
:10807000240D002070B505460C46164610480078C1
:10808000012803D00E480078022800D170BD202CB2
:1080900000DD2024224629460A48FDF7E6FB0A486F
:1080A0000680002009490880012005490870082041
:1080B000074908602146034800F05AF800BFE5E789
:1080C0003C000020040D0020400000203E00002065
:1080D0001804004870B5044601F0FCFC05460A4847
:1080E000006820F001000849086005EB5400B0FB6F
:1080F000F4F005490C3108600348006840F00100C5
:108100000149086070BD000000480040164A526CEA
:1081100022F00102144B5A649A145A600E22134B37
:108120001A601A1D104BDA641A46106591640F4AE2
:10813000183A126842F040020C4B183B1A600B4A86
:10814000203A126842F00402084B203B1A60064AAB
:10815000526C22F00C02044B5A641A46526C42F0E4
:1081600003025A64704700000000024020480040AB
:10817000164A926D22F00102144B9A654FF4803238
:108180005A60134A1A661A465066D1654022104B4F
:10819000083B1A600E4A203A126842F080020C4BEB
:1081A000203B1A600A4A283A126842F00802084B3B
:1081B000283B1A60054A926D22F00C02034B9A6527
:1081C0001A46926D42F003029A6570470000024021
:1081D000284800400C48806D20F003000A4988655B
:1081E0000A48006820F080000849086040200749DC
:1081F0001831086005480838006840F0400003491D
:10820000083908607047000000000240084800403C
:1082100010B51248006800F04000F0B140200F494E
:10822000091D08600D481C38006820F040000B490B
:108230001C39086008200A4908600A48008800289C
:1082400008DD022008490870064801880748FFF742
:108250005DFF02E003200449087010BD1C48004087
:1082600028040048400000203C000020240D00208D
:1082700010B50246002002E012F8013B58400B1EE8
:10828000A1F10104E1B2F7D110BD000010B506491B
:108290004868FFF71FFF0448D0ED020AB0EE600AFD
:1082A00006F09EFA10BD0000440000200146FF29A0
:1082B00001DC01207047B1F5007F04DBB1F5006FF0
:1082C00001DA0120F6E70020F4E710B50446FF2CA0
:1082D00003DC2046FEF71CFF10BDB4F5007F06DB73
:1082E000B4F5407F03DA204604F08CF8F4E7B4F5E7
:1082F000407F06DBB4F5806F03DA204604F05CFFB4
:10830000EAE7B4F5806F06DBB4F5A06F03DA204628
:1083100003F002F8E0E7B4F5A06F06DBB4F5C06F38
:1083200003DA204605F0D2F9D6E7B4F5C06F06DBD4
:10833000B4F5E06F03DA204606F09AFBCCE7B4F51B
:10834000E06F06DBB4F5006F03DA204605F02CFE83
:10835000C2E74FF6FF70BFE770B504460D46FF2C2D
:1083600004DC29462046FEF7F7FE70BDB4F5007F19
:1083700007DBB4F5407F04DA2946204604F0BAF85A
:10838000F3E7B4F5407F07DBB4F5806F04DA2946E4
:10839000204604F095FFE8E7B4F5806F07DBB4F5FD
:1083A000A06F04DA2946204602F0E6FFDDE7B4F5C7
:1083B000A06F07DBB4F5C06F04DA2946204605F04C
:1083C000ADF9D2E7B4F5C06F07DBB4F5E06F04DABE
:1083D0002946204606F08CFBC7E7B4F5E06F07DBC3
:1083E000B4F5006F04DA2946204605F00DFEBCE71F
:1083F0000120BAE710B5022012490870124890F81F
:10840000760112490870104890F8770140F080001A
:1084100048700C48007840F05000887003210B48E9
:1084200003F06AFF04460949CC70200A0871084627
:10843000C1F80402052180F8081200F5017007F068
:10844000ADF910BD5B0000201008002004040020DE
:1084500070B505460C462A48007807284DD2DFE85B
:1084600000F04C04101C28344000224629462548C0
:10847000FDF7FBF92349103981F8504004F064F905
:108480003CE0224629462048FDF7EFF91E491639FF
:1084900081F82A4004F064FF30E0224629461B4858
:1084A000FDF7E3F91949163981F8264002F0B4FFC7
:1084B00024E0224629461648FDF7D7F91449123917
:1084C00081F8224005F05CF918E02246294611485F
:1084D000FDF7CBF90F49123981F8224006F098FBDD
:1084E0000CE0224629460C48FDF7BFF90A498039BD
:1084F00081F8804105F0FCFD00E000BF00BF70BDC9
:1085000044000020740D002062130020221100207E
:10851000C6150020F21900206818002010B5184870
:108520000078072828D2DFE800F02704090E131886
:108530001D001449087804F099FC1EE011490878E0
:1085400005F056F819E00F49087803F0D7F814E061
:108550000C49087805F092FA0FE00A49087806F00D
:10856000D1FC0AE0084890F8830120B1064991F84F
:10857000860105F0C3FE00E000BF00BF10BD000093
:1085800044000020E0100020E81700200D4800788B
:10859000062814D2DFE800F01303070A0D100A487A
:1085A00090F85A0070470948C078FBE70848C0783F
:1085B000F8E70848C078F5E70748C078F2E70020F8
:1085C000F0E7000044000020640D00204C13002060
:1085D0000C110020B4150020E01900200C48007890
:1085E000062813D2DFE800F0120306090C0F094831
:1085F000406D704708488068FBE708488068F8E7E6
:1086000007488068F5E707488068F2E70020F0E750
:1086100044000020640D00204C1300200C110020A9
:10862000B4150020E019002010B50120124908708F
:10863000124890F8760112490870104890F87701B6
:1086400040F0800048700C48007840F0500088707E
:1086500003210B4803F050FE04460949CC70200A60
:1086600008710846C1F80402052180F8081200F5D7
:10867000017007F093F810BD5B0000201008002087
:108680000404002072B600BFFEE700001B49087F0B
:10869000012801D0032816D11949096821F4007175
:1086A000174A116000BF1146096841F4006111606A
:1086B0001146096821F40061116000BF1146096884
:1086C00041F400711160022801D0032811D100BFCC
:1086D0000B49096841F48051094A11601146096843
:1086E00021F48051116000BF1146096841F4806196
:1086F00011600021014A117770470000140000202A
:108700000020024000F0010129B10649496941F009
:108710000401044A51610349496941F48031014A25
:108720005161704700200240084A526960F3CA0252
:10873000064B5A611A46526942F002025A611A46C1
:10874000526942F480325A617047000000200240B2
:1087500010B50849496941F00101064C61610260A8
:1087600000BF00BF00BFBFF36F8F00BF00BF00BFDF
:10877000436010BD00200240F0B50246402314467D
:108780000D460C4E766946F480260A4F7E6100BF86
:10879000EFF31086304672B600BF2E682660241DA7
:1087A0002D1D5E1EF3B2002BF7D100BF80F31088A1
:1087B00000BFF0BD0020024070B5054600F000FD8E
:1087C000064606E000F0FCFC801BA84201D903200D
:1087D00070BD1A48006900F48030B0F5803FF1D0D8
:1087E000164800694CF2FA3100EA0104CCB1144891
:1087F000406820431249486000BF04F0404030B157
:108800000E48806904F0404108430C49886124F017
:10881000404018B124F040400849086100BF0120E1
:10882000D6E70648006900F0010020B100BF012032
:108830000249086100BF0020CAE700000020024092
:108840001400002010B586B0044600F09DFB002007
:10885000029001200390A4F10060C00A049001205E
:10886000059001A902A800F09DFA00F01DFB06B0DA
:1088700010BD00002DE9F04F87B006460F462B498A
:1088800003C9CDE90501002004900390804600252E
:1088900034E005A850F825404FF0000929E0D4F84D
:1088A00000A0D4F804B00AF1010000B924E0BAF144
:1088B000A53F1AD104F1080002903946029805F04C
:1088C00035FE0190D4F8F8000090DDE900108842F0
:1088D0000AD1B8F1000F02D00498834504D9CDF82D
:1088E00010B003944FF0010800BF04F5807409F143
:1088F0000109B9F1080FD2D300BF6D1C022DC8DBEE
:10890000B8F1000F0FD0039800F10801002004E037
:1089100051F8202046F82020401CB842F8DB002007
:1089200007B0BDE8F08F0120FAE7000088FE0008DC
:108930002DE9FC5F07468846374903C9CDE90001A8
:1089400000256C1E002600202AE05DF82010002281
:1089500022E00B68D1F804C0B3F1A53F04D1AC45C7
:1089600017D36546044614E003F1010ABAF1000F7B
:108970000FD1844204D004F1010ABAF1000F07D1EB
:108980000E4604F1010ABAF1000F00D104460AE0D4
:1089900004E001F58071521C082ADAD300BF401CA4
:1089A0000228D2DB00BF601C80B90024009E009822
:1089B000FFF748FF0198FFF745FF002543463A4679
:1089C0000121304600F02AF8BDE8FC9F5DF8240044
:1089D00000F500691EB106F58070484514D90CB940
:1089E000012000E0002083465DF82BA05046FFF7F1
:1089F00029FF43463A46691C504600F00FF85DF8DF
:108A00002400FFF71FFFDFE743463A46691C304664
:108A100000F004F800BFD7E790FE00082DE9F04F02
:108A200087B007460C469046994600F0ADFA002004
:108A30004FF0A532014610432143CDE904013946E8
:108A40000020DDE9042300F03FFA0837002519E093
:108A500058F825B0681C484502DA58F8200001E0B3
:108A60004FF0FF3006460020014640EA0B0031433C
:108A7000CDE9000139460020DDE9002300F024FAA9
:108A80000837AD1C4D45E3DB4946404605F04EFD39
:108A9000824600234AEA03005B1ECDE90203394601
:108AA0000020DDE9022300F00FFA00F0FDF907B025
:108AB000BDE8F08F0146002091F82520022A03D05E
:108AC0000422CA63012027E00A68126822F00E021D
:108AD0000B681A608A6C126822F480728B6C1A60C0
:108AE0000A68126822F001020B681A6091F84420AB
:108AF00002F01F0301229A400B6C5A60D1E9133235
:108B00005A604A6D42B14A6D126822F480724B6D10
:108B10001A60D1E916325A60012281F8252000BF7F
:108B2000002281F8242000BF704770B5044600255C
:108B300094F8250002280BD00420E063012084F87B
:108B4000250000BF002084F8240000BF012534E088
:108B50002068006820F00E00216808602068006826
:108B600020F0010021680860A06C006820F480708B
:108B7000A16C086094F8440000F01F0101208840B7
:108B8000216C4860D4E913104860606D40B1606D9D
:108B9000006820F48070616D0860D4E916104860A8
:108BA000012084F8250000BF002084F8240000BFC5
:108BB000A06B10B12046A16B8847284670BD70B5E8
:108BC0000446206C05682068066894F8440000F0AC
:108BD0001F01042088402840E0B106F00400C8B11D
:108BE0002068006800F0200028B92068006820F0A4
:108BF00004002168086094F8440000F01F0104207C
:108C00008840216C4860206B002856D02046216B9C
:108C1000884752E094F8440000F01F010220884089
:108C2000284018B306F0020000B32068006800F086
:108C3000200040B92068006820F00A002168086020
:108C4000012084F8250094F8440000F01F01022060
:108C50008840216C486000BF002084F8240000BFD9
:108C6000E06A50B32046E16A884726E094F8440061
:108C700000F01F01082088402840F0B106F00800ED
:108C8000D8B12068006820F00E002168086094F8D0
:108C9000440000F01F0101208840216C4860012041
:108CA000E06384F8250000BF002084F8240000BFA2
:108CB000606B10B12046616B884770BD70B504468B
:108CC0000CB9012070BD2F49206888420BD22E4973
:108CD0002068401A1421B0FBF1F0800060642A483B
:108CE000083820640AE027492068401A1421B0FBA4
:108CF000F1F080006064234808382064022084F882
:108D000025002068056847F6F0708543D4E9020124
:108D100008432169084361690843A1690843E1697F
:108D20000843216A08430543206805602046FEF792
:108D300001FCA068B0F5804F01D10020606020796F
:108D4000A16C0860D4E913104860606860B1606885
:108D5000042809D82046FEF70FFC0020616D08604A
:108D6000D4E91610486003E000206065A065E06566
:108D70000020E063012084F82500002084F824000E
:108D800000BF9FE7080402400800024010B50446F7
:108D900003E04FF47A7006F075FF201EA4F1010481
:108DA000F7D110BD2DE9F04104460F4600BF3C4805
:108DB0000078012802D10220BDE8F0810120384965
:108DC000087000BF4FF47A70FFF7F6FC0646002EDD
:108DD0005ED1334948603348006800F4007090B1B8
:108DE0003048006800F4806048B12E48006820F4E4
:108DF00080602C49086003202949087715E001208C
:108E00002749087711E02748006800F4806048B1DE
:108E10002448006820F4806022490860022020492C
:108E2000087702E000201E490877206801280ED14B
:108E30006068FFF767FC4FF47A70FFF7BDFC0646E9
:108E40001848406920F00400164948611EE04FF0C0
:108E5000FF303860A56813E028466168FFF764FCBE
:108E60004FF47A70FFF7A8FC06460E48406940F2BE
:108E7000FA7188430B4948610EB13D6005E06D1CF5
:108E8000D4E902010844A842E6D800BFFFF7FEFB80
:108E900000BF00200249087000BF30468CE7000088
:108EA000140000200020024001200649496941F0D9
:108EB0000041044A51611146496901F0004101B184
:108EC00000207047002002402DE9F0470446884604
:108ED00015461E464FF0000900BF294800780128BA
:108EE00002D10220BDE8F08701202549087000BFAB
:108EF0004FF47A70FFF760FC0746002F38D1204905
:108F000048602048006800F4806048B11D4800684F
:108F100020F480601B49086002201949087702E0AC
:108F20000020174908773CB92A4633464046FFF7E8
:108F30000FFC4FF001090BE0012C01D0022C07D1EE
:108F400029464046FFF718FC022C01D14FF4802936
:108F50004FF47A70FFF730FC0746B9F1000F05D0E7
:108F60000848406920EA090006494861FFF78EFB7E
:108F700000BF00200249087000BF3846B2E7000079
:108F8000140000200020024000200849496901F037
:108F9000004151B10649054A916006499160114668
:108FA000496901F0004101B10120704700200240F1
:108FB00023016745AB89EFCD7047000010B504462B
:108FC00004480068204020B1024804602046FFF7B2
:108FD000F3FF10BD1404014078B502460B46002192
:108FE000CAE001268E401D6805EA0604002C73D0F5
:108FF0001D7905F00305012D04D01D7905F0030549
:10900000022D13D190684E000325B540A8434E00B1
:10901000DD68B54028439060506801258D40A84325
:109020001D79C5F300158D40284350601D7905F06A
:109030000305032D09D0D0684E000325B540A84391
:109040004E009D68B5402843D0601D7905F00305AA
:10905000022D13D1CE0802F1200555F826004D0748
:10906000EE0E0F25B540A8434E07F60E1D69B5401C
:109070002843CE0802F1200545F8260010684E006E
:109080000325B540A8431D7905F003054E00B54002
:10909000284310605D6805F44035002D6BD000BF9B
:1090A000384D2D6E45F00105364E356635462D6E30
:1090B00005F00105009500BF00BF4FEAB6358E08E8
:1090C00055F826008D072E0F0F25B540A843B2F1A5
:1090D000904F02D100251AE04DE02B4DAA4201D15C
:1090E000012514E0294DAA4201D102250FE0284DA7
:1090F000AA4201D103250AE0264DAA4201D1042546
:1091000005E0254DAA4201D1052500E006258E0780
:10911000360FB5402843214D8E0845F82600204DD6
:109120002868A0435D6805F4801505B120431C4DF7
:1091300028602D1D2868A0435D6805F4001505B161
:109140002043174D2D1D2860154D2D1F2868A04365
:109150005D6805F4003505B12043114D2D1F2860D1
:109160002D1F2868A0435D6805F4803505B12043B4
:109170000B4D083D2860491C1D68CD40002D7FF433
:1091800030AF78BD001002400004004800080048DD
:10919000000C00480010004800140048080001407E
:1091A00008040140024613690B400BB1012000E0A6
:1091B000002070470AB1816100E0816270470000C1
:1091C000014800687047000008000020034800685C
:1091D00003490968084401490860704708000020F5
:1091E0001000002010B50024032000F0ABF80F2081
:1091F00000F008F808B1012401E000F02FF8204643
:1092000010BD000070B50446002511480068D8B1B3
:109210000F4800684FF47A71B1FBF0F00D4909680E
:10922000B1FBF0F6304601F055F958B9102C07D2D1
:1092300000222146501E00F047F80748046004E071
:10924000012502E0012500E00125284670BD00004F
:1092500010000020340000200C00002008B500BFE2
:109260000E48006E40F001000C4908660846006E8A
:1092700000F00100009000BF00BF00BF0846806DF5
:1092800040F0805088650846806D00F08050009066
:1092900000BF00BF00F0F6F808BD0000001002405B
:1092A0000146084600280DDB00BF00BF00F01F0389
:1092B00001229A4043099B0003F1E023C3F80021F7
:1092C00000BF00BF00BF70472DE9F05F80460D462C
:1092D000164606F0B3FC074639462A46334601F0E7
:1092E0000700C0F1070ABAF1040F02D94FF0040ACF
:1092F00001E0C0F1070AD14600F1040ABAF1070FF4
:1093000002D24FF0000A01E0A0F1030AD4464FF068
:10931000010A0AFA09FAAAF1010A0AEA020A0AFA91
:109320000CFA4FF0010B0BFA0CFBABF1010B0BEA43
:10933000030B4AEA0B042146404606F087FCBDE8D1
:10934000F09F000000BF00F00702064B19684FF6BF
:10935000FF031940044B0B4343EA0221014B196000
:1093600000BF70470CED00E00000FA0502468ABB22
:109370004148006800F4C060B0F5806F2BD13E48D2
:109380008030006820F480703B4BC3F880001846A2
:10939000006820F4C06040F400701860374800682E
:1093A00032235843364BB0FBF3F0411C00E0491E1A
:1093B0003148406900F48060B0F5806F01D1002928
:1093C000F5D12D48406900F48060B0F5806F51D12F
:1093D0000320704708E028488030006820F480703F
:1093E000254BC3F8800045E0B2F5007F3AD1224812
:1093F000006800F4C060B0F5806F2AD11E4880304C
:10940000006840F480701C4BC3F880001846006868
:1094100020F4C06040F400701860184800683223DF
:109420005843174BB0FBF3F0411C00E0491E1248B3
:10943000406900F48060B0F5806F01D10029F5D15A
:109440000D48406900F48060B0F5806F12D10320B0
:10945000BFE709488030006840F48070064BC3F8CD
:10946000800007E00448006820F4C06040F4806099
:10947000014B18600020ACE7007000403400002071
:1094800040420F000348806840F4804001498860F2
:1094900070470000007000400348006840F480708E
:1094A0000149086070470000007000402DE9F84352
:1094B00004460026B046206800F40020B0F5002FD6
:1094C00073D1B146F548806D00F0805078B900BF87
:1094D000F248806D40F08050F04988650846806D04
:1094E00000F08050009000BF00BF4FF00109EC4831
:1094F000006840F48070EA490860FFF761FE0746A3
:1095000006E0FFF75DFEC01B022801D9032605E037
:10951000E348006800F480700028F2D000BF002EFD
:1095200046D1DE489030006800F44075CDB1E06C63
:10953000A84216D0D9489030006820F44075D7482A
:10954000D0F8900040F48030D449C1F8900008462B
:10955000D0F8900020F48030C1F890000846C0F8A0
:10956000905005F00100A0B1FFF72AFE074608E081
:10957000FFF726FEC01B41F28831884201D903263D
:1095800006E0C6489030006800F002000028EFD0E6
:1095900000BF5EB9C1489030006820F44070E16CB3
:1095A0000843BE49C1F8900003E00CE0B04600E07B
:1095B000B046B9F1010F05D1B848806D20F0805058
:1095C000B649886500BF207800F0010048B1B34873
:1095D0008830006820F0030061680843AF49C1F893
:1095E0008800207800F00200022809D1AB488830BA
:1095F000006820F00C00A1680843A849C1F8880061
:10960000207800F00400042809D1A44888300068BC
:1096100020F03000E1680843A049C1F888002078B4
:1096200000F00800082809D19C488830006820F024
:10963000C000216908439949C1F88800207800F0EA
:109640001000102809D195488830006820F4407037
:10965000616908439149C1F88800207800F0200032
:10966000202809D18D488830006820F44060A16925
:1096700008438A49C1F88800207800F0400040285B
:1096800009D186488830006820F44050E1690843D9
:109690008249C1F88800207800F08000802809D134
:1096A0007E488830006820F44040216A08437B49A6
:1096B000C1F88800208800F48070B0F5807F09D15F
:1096C00076488830006820F44030616A0843734966
:1096D000C1F88800208800F40070B0F5007F09D13F
:1096E0006E488830006820F44020A16A08436B4926
:1096F000C1F88800208800F48060B0F5806F13D135
:1097000066488830006820F44010E16A08436349E5
:1097100088310860E06AB0F5801F05D15F48C068F5
:1097200040F480105D49C860208800F40060B0F506
:10973000006F13D159488830006820F44000216B35
:109740000843564988310860206BB0F5800F05D179
:109750005248C06840F480105049C860208800F426
:109760008050B0F5805F13D14C488830006820F0FD
:109770004070616B0843494988310860606BB0F103
:10978000807F05D14548C06840F480104349C860D7
:10979000208800F40050B0F5005F13D13F488830B6
:1097A000006820F04060A16B08433C4988310860A4
:1097B000A06BB0F1006F05D13848C06840F480104C
:1097C0003649C860208800F48040B0F5804F13D13E
:1097D00032488830006820F04060E16B08432F4930
:1097E00088310860E06BB0F1006F05D12B48C0688C
:1097F00040F480102949C860208800F40040B0F58A
:10980000004F13D125488830006820F04050216C6B
:109810000843224988310860206CB0F1805F05D18F
:109820001E48C06840F480301C49C860206800F4BD
:109830008030B0F5803F13D118488830006820F0A0
:109840004040616C0843154988310860606CB0F194
:10985000804F05D11148C06840F480300F49C8607E
:10986000206800F48020B0F5802F13D10B489C3085
:10987000006820F44010A16C084308499C3108603E
:10988000A06CB0F5001F05D10448C06840F48010FA
:109890000249C8604046BDE8F8830000001002405D
:1098A000007000402DE9F04104460D464FF00008DD
:1098B00014B90120BDE8F0817D48006800F00F0078
:1098C000A8420ED27A48006820F00F002843784959
:1098D00008600846006800F00F00A84201D001208F
:1098E000E8E7207800F00100002864D060680328D1
:1098F00023D17048006800F0007008B90120D9E752
:1099000004F06CF906466C48864237D9694880688D
:1099100000F0F00030B1207800F0020002282DD1D4
:10992000A06858BB6348806820F0F00040F08000D9
:10993000604988604FF0800820E06068022806D106
:109940005C48006800F4003040B90120B2E7594893
:10995000006800F4806008B90120ABE700F0DEF891
:1099600006465548864209D95248806820F0F000E2
:1099700040F080004F4988604FF080084D48806873
:1099800020F00300616808434A498860FFF718FC2B
:10999000074608E0FFF714FCC01B41F288318842FB
:1099A00001D9032086E74348806800F00C00616815
:1099B000B0EB810FEED1207800F00200022820D118
:1099C000207800F00400042805D13A48806840F46B
:1099D000E06038498860207800F00800082807D146
:1099E0003448806820F4605040F4E0603149886079
:1099F0003048806820F0F000A16808432D49886055
:109A000008E0B8F1800F05D12A48806820F0F00006
:109A1000284988602648006800F00F00A84219D93C
:109A20002348006820F00F00284321490860FFF711
:109A3000C7FB074608E0FFF7C3FBC01B41F28831B4
:109A4000884201D9032035E71948006800F00F006B
:109A5000A842F0D1207800F00400042807D115486E
:109A6000806820F4E060E16808431249886020784B
:109A700000F00800082808D10E48806820F46050E3
:109A8000216940EAC1000B49886000F047F80949A4
:109A90008968C1F30311094A515C01F01F01C840F4
:109AA0000749086007480068FFF7ACFB02E70000C1
:109AB000002002400010024000B4C4041AFE000856
:109AC000340000200C0000200148006870470000AE
:109AD0003400002000B5FFF7F7FF05498968C1F39E
:109AE0000221044A515C01F01F01C84000BD000082
:109AF000001002402AFE000800B5FFF7E5FF054907
:109B00008968C1F3C221044A515C01F01F01C840B9
:109B100000BD0000001002402AFE000870B5224D72
:109B2000AD6805F00C05042D01D120483AE01E4D2A
:109B3000AD6805F00C05082D01D11C4832E01A4D26
:109B4000AD6805F00C050C2D2BD1174DED6805F017
:109B50000304154DED68C5F303156A1C022C0CD0E7
:109B6000032C09D1114DB5FBF2F50F4EF668C6F383
:109B7000062605FB06F10AE000BF0C4DB5FBF2F529
:109B8000094EF668C6F3062605FB06F100BF00BFC6
:109B9000054DED68C5F341656D1C6B00B1FBF3F03D
:109BA00000E0002070BD0000001002400024F4001E
:109BB0002DE9F843044614B90120BDE8F883207864
:109BC00000F00100002865D0FC48806800F00C0718
:109BD000FA48C06800F003060C2F01D1032E01D013
:109BE000082F0AD1F548006800F40030002851D051
:109BF000606800284ED10120DFE700BF6068B0F543
:109C0000803F06D1ED48006840F48030EB490860A1
:109C10001AE06068B0F5A02F0BD1E848006840F466
:109C20008020E64908600846006840F480300860FB
:109C30000AE0E248006820F48030E0490860084605
:109C4000006820F48020086000BF606888B1FFF7DA
:109C5000B7FA054606E0FFF7B3FA401B642801D9BE
:109C60000320AAE7D548006800F400300028F2D0AD
:109C700010E0FFF7A5FA054606E0FFF7A1FA401B42
:109C8000642801D9032098E7CC48006800F400302C
:109C90000028F2D1207800F00200022860D1C748E5
:109CA000806800F00C07C548C06800F003060C2F60
:109CB00001D1022E01D0042F18D1C048006800F451
:109CC000806018B1E06808B9012076E7BB484068B9
:109CD00020F0FE40217C40EA0160B8494860B84865
:109CE0000068FFF78FFA18B3012066E7E06800B359
:109CF000B248006840F48070B0490860FFF760FA2D
:109D0000054606E0FFF75CFA401B022801D9032054
:109D100053E7AA48006800F480600028F2D0A74802
:109D2000406820F0FE40217C40EA0160A349486081
:109D300016E0A248006820F48070A0490860FFF790
:109D40003FFA054606E0FFF73BFA401B022801D91F
:109D5000032032E79948006800F480600028F2D1BF
:109D6000207800F00800082836D16069D0B1934807
:109D70009430006840F001009049C1F89400FFF76A
:109D80001FFA054606E0FFF71BFA401B022801D91F
:109D9000032012E789489430006800F00200002890
:109DA000F1D019E085489430006820F00100834923
:109DB000C1F89400FFF704FA054606E0FFF700FA41
:109DC000401B022801D90320F7E67C489430006844
:109DD00000F002000028F1D1207800F004000428EF
:109DE00072D14FF000087548806D012121EA107092
:109DF00078B100BF7148806D40F080506F49886530
:109E00000846806D00F08050009000BF00BF4FF00A
:109E100001086C48006800F48070B0B969480068B7
:109E200040F4807067490860FFF7CAF9054606E00C
:109E3000FFF7C6F9401B022801D90320BDE661489F
:109E4000006800F480700028F2D000BFA0680128EC
:109E500008D15A489030006840F001005749C1F8D5
:109E6000900021E0A06805280FD154489030006888
:109E700040F004005149C1F890000846D0F8900025
:109E800040F00100C1F890000EE04C4890300068AE
:109E900020F001004949C1F890000846D0F8900030
:109EA00020F00400C1F8900000BFA068A8B1FFF73F
:109EB00087F9054609E0FFF783F9401B41F2883135
:109EC000884202D9032078E625E03C4890300068BB
:109ED00000F002000028EED013E0FFF771F905460C
:109EE00008E0FFF76DF9401B41F28831884201D943
:109EF000032062E631489030006800F0020000283C
:109F0000EFD1B8F1010F05D12C48806D20F08050C1
:109F10002A49886500BF207800F02000202836D12B
:109F2000A069D0B125489830006840F0010023496D
:109F3000C1F89800FFF744F9054606E0FFF740F93D
:109F4000401B022801D9032037E61C4898300068DE
:109F500000F002000028F1D019E01848983000689D
:109F600020F001001549C1F89800FFF729F90546CE
:109F700006E0FFF725F9401B022801D903201CE663
:109F80000E489830006800F002000028F1D1E06926
:109F9000002860D00948806800F00C000C287AD0B6
:109FA000E069022858D10548006820F08070034914
:109FB0000860FFF705F905460DE0000000100240BB
:109FC0000C00002000700040FFF7FAF8401B022848
:109FD00001D90320F1E54A48006800F0007000282C
:109FE000F2D1D4E90810401E41EA0011A06A41EA0A
:109FF0000021208E0122C2EB500041EA4051342062
:10A00000005DC2EB500041EA40612C20005D41EA56
:10A01000C0603B49C9683B4A114008433849C860A1
:10A020000846006840F0807008600846C06840F04C
:10A030008070C860FFF7C4F8054606E0FFF7C0F877
:10A04000401B022801D90320B7E52D48006800F025
:10A0500000700028F2D051E02948006820F080709C
:10A0600027490860FFF7ACF8054606E0FFF7A8F8B7
:10A07000401B022801D903209FE52148006800F019
:10A0800000700028F2D11E48C0681F4908401C49D2
:10A09000C86033E0FFE7E069012800D18DE518488A
:10A0A000C66806F00301206A814225D106F0F0015E
:10A0B000606A401EB1EB001F1ED106F4FE41A06A8B
:10A0C000B1EB002F18D106F078412C20005DB1EBE8
:10A0D000C06F11D106F4C001208E0122C2EB5000E6
:10A0E000B1EB405F08D106F0C0613420005DC2EBE7
:10A0F0005000B1EB406F01D001205EE500205CE52F
:10A10000001002400C809F01FCFFEEFE70B504467B
:10A110000CB9012070BD606A38B96068B0F5827F03
:10A1200000D105E00021E16102E0002121616161CF
:10A130000021A16294F85D0028B9002084F85C0039
:10A14000204600F061F8022084F85D002068006875
:10A1500020F0400021680860E068B0F5E06F01D9A8
:10A16000002501E04FF48055E068B0F5706F05D030
:10A17000E068B0F5E06F01D00021A162A08800F492
:10A180008270218901F404410843217C01F002011D
:10A190000843217D01F001010843218B01F4007186
:10A1A0000843217F01F0380108432021095D01F0B7
:10A1B00080010843218D01F40051084321680860A3
:10A1C0000421A06901EA104094F8241001F0100164
:10A1D000084394F8341001F008010843A18901F400
:10A1E0007061084305F48051084321684860206885
:10A1F000C06920F400602168C86100202066012049
:10A2000084F85D00002085E710B586B0044614216F
:10A2100001A8FBF799FB2C492068884252D100BF66
:10A220002A48806D40F48040284988650846806D42
:10A2300000F48040009000BF00BF00BF0846C06C23
:10A2400040F00200C8640846C06C00F002000090B4
:10A2500000BF00BF4FF42040019002200290002078
:10A260000390032004900520059001A91848FEF7EB
:10A27000B3FE4FF480400190022002900020039032
:10A2800004900520059001A91148FEF7A5FE11488C
:10A29000114908600D20486010210F48816000219D
:10A2A000C16080210161002141618161C161016260
:10A2B000FEF704FD08B1FEF7E5F900BF064860654A
:10A2C000846200BF06B010BD00380040001002409C
:10A2D0000004004808000240C40000202DE9F84FA7
:10A2E0000446884616461D464FF0000A00BF94F803
:10A2F0005C00012802D10220BDE8F88F012084F81B
:10A300005C0000BFFEF75CFF0746B14694F85D00B5
:10A31000012802D04FF0020AD5E0B8F1000F00D0BA
:10A3200016B94FF0010ACEE0032084F85D0000204A
:10A330002066C4F83880A687E6872064A4F8440025
:10A34000A4F846002065E064A068B0F5004F0BD18A
:10A350002068006820F040002168086020680068DC
:10A3600040F48040216808602068006800F04000E8
:10A37000402805D02068006840F04000216808604F
:10A38000E068B0F5E06F32D9606810B1B9F1010F43
:10A3900009D1A06B00882168C860A06B801CA063F5
:10A3A000E08F401EE0871EE02068806800F0020019
:10A3B00002280AD1A06B00882168C860A06B801CAD
:10A3C000A063E08F401EE0870DE0FEF7F9FEC01BA2
:10A3D000A84201D3681C00B92DB94FF0030A01202F
:10A3E00084F85D006FE0E08F0028DDD14DE060680B
:10A3F00010B1B9F1010F17D1E08F01280AD9A06B74
:10A4000000882168C860A06B801CA063E08F801E5C
:10A41000E08709E0A06B007821680873A06B401CFE
:10A42000A063E08F401EE0872CE02068806800F089
:10A430000200022818D1E08F01280AD9A06B0088F9
:10A440002168C860A06B801CA063E08F801EE0873D
:10A4500018E0A06B007821680873A06B401CA06313
:10A46000E08F401EE0870DE0FEF7AAFEC01BA84269
:10A4700001D3681C00B92DB94FF0030A012084F8FC
:10A480005D0020E0E08F0028CFD13A4629462046E3
:10A4900003F060FC08B120202066A06850B900BF1E
:10A4A000002000902068C0680090206880680090BC
:10A4B00000BF00BF206E10B14FF0010A02E0012082
:10A4C00084F85D0000BF00BF002084F85C0000BF7E
:10A4D000504611E770B504462546681EB0F1807FEE
:10A4E00001D301200FE0681E4FF0E02148610F21E9
:10A4F0004FF0FF3005F0AAFB00204FF0E02188610B
:10A5000007200861002070BD704770477047704792
:10A510007047704730B502460B4600BF92F83C00CA
:10A52000012801D1022030BD012082F83C0000BF8B
:10A53000022082F83D001068416810688468214D4F
:10A540001068A84207D0204D1068A84203D01F4DC4
:10A550001068A84203D121F47001586801431C48D7
:10A5600001401868014310684160164D1068A84208
:10A5700017D01068B0F1804F13D0164D1068A84264
:10A580000FD0154D1068A8420BD00F4D1068A8428F
:10A5900007D0124D1068A84203D00C4D1068A84295
:10A5A00005D124F080049868044310688460012079
:10A5B00082F83D0000BF002082F83C0000BF00BFD1
:10A5C000B1E70000002C0140003401400050014080
:10A5D0008FFFFFFD000400400008004000400140E4
:10A5E000704710B504460CB9012010BD94F83D0029
:10A5F00028B9002084F83C00204600F029F8022009
:10A6000084F83D00211D206804F07CF9012084F8C5
:10A61000480000BF84F83E0001213F200155402042
:10A62000015541200155422001554320015500BFED
:10A6300000BF012084F84400452001554620015503
:10A640004720015500BF012084F83D000020CCE7E1
:10A6500038B504461A492068884216D100BF194807
:10A66000006E40F40060174908660846006E00F46A
:10A670000060009000BF00BF002202211920FEF7F9
:10A6800023FE1920FEF70CFE19E00F4920688842CE
:10A6900015D100BF0B48806D40F010000949886556
:10A6A0000846806D00F01000009000BF00BF00223F
:10A6B00003213620FEF708FE3620FEF7F1FD38BDF7
:10A6C000002C01400010024000100040014691F8AB
:10A6D0003D00012801D001207047022081F83D0093
:10A6E0000868C06840F001000B68D8601A4B086821
:10A6F000984217D00868B0F1804F13D0174B086804
:10A7000098420FD0164B086898420BD0154B08683A
:10A71000984207D0144B0868984203D0134B08683E
:10A72000984210D108688068114B00EA0302062A9B
:10A730000FD0B2F5803F0CD00868006840F00100EF
:10A740000B68186005E00868006840F001000B68BD
:10A7500018600020C0E70000002C01400004004009
:10A76000000800400034014000400140005001401A
:10A77000070001002DE9F04104460D46002700BF07
:10A7800094F83C00012802D10220BDE8F0810120AC
:10A7900084F83C0000BF022084F83D0020688668F1
:10A7A0004148064026F47F46206886602868B0F558
:10A7B000805F25D00CDC00F00F01002967D100116B
:10A7C000082864D2DFE800F0555657584B37411D32
:10A7D000364A811A904252D00BDCB0F5005F1DD092
:10A7E000B0F1101F49D0A0F58010203800284ED1BC
:10A7F00044E0102944D0202943D0402947D141E0EA
:10A8000047E0D5E902136A68206804F0EBF8206895
:10A81000866846F07706206886603AE0D5E902133C
:10A820006A68206804F0DEF82068806840F48040A0
:10A83000216888602DE0EA686968206804F0EAF819
:10A840005021206804F0DAF823E0EA68696820689B
:10A8500004F0F3F86021206804F0D0F819E0EA6809
:10A860006968206804F0D6F84021206804F0C6F832
:10A870000FE000BF00BF00BF00BF00BF00BF00BFB0
:10A8800000BF00BF2968206804F0B8F801E0012784
:10A8900000BF00BF012084F83D0000BF002084F805
:10A8A0003C0000BF384670E788FFCEFF3000100044
:10A8B000704770B504462068C6682068056905F0D1
:10A8C0000200022819D106F00200022815D1401F0B
:10A8D00021680861012020772068806900F003006A
:10A8E00018B12046FFF7E4FF05E0204600F0F1F83C
:10A8F000204600F0EFF80020207705F0040004283F
:10A9000019D106F00400042815D1C043216808615C
:10A91000022020772068806900F4407018B120463A
:10A92000FFF7C6FF05E0204600F0D3F8204600F010
:10A93000D1F80020207705F00800082819D106F08A
:10A940000800082815D1C043216808610420207739
:10A950002068C06900F0030018B12046FFF7A8FF87
:10A9600005E0204600F0B5F8204600F0B3F80020DE
:10A97000207705F01000102819D106F010001028DB
:10A9800015D1C04321680861082020772068C0697C
:10A9900000F4407018B12046FFF78AFF05E020461A
:10A9A00000F097F8204600F095F80020207705F099
:10A9B000010048B106F0010030B16FF001002168DC
:10A9C0000861204600F088F805F08000802804D057
:10A9D00005F40050B0F5005F0AD106F08000802831
:10A9E00006D16FF40250216808612046FFF78DFD03
:10A9F00005F48070B0F5807F0AD106F080008028D1
:10AA000006D16FF48070216808612046FFF77CFD55
:10AA100005F04000402809D106F04000402805D14B
:10AA2000C04321680861204600F088F805F0200046
:10AA3000202809D106F02000202805D1C043216834
:10AA400008612046FFF762FD05F48010B0F5801F15
:10AA50000BD106F48010B0F5801F06D16FF4801082
:10AA6000216808612046FFF753FD05F40010B0F59A
:10AA7000001F0BD106F40010B0F5001F06D16FF4D3
:10AA80000010216808612046FFF741FD05F48000B1
:10AA9000B0F5800F0BD106F48000B0F5800F06D121
:10AAA0006FF48000216808612046FFF732FD05F44D
:10AAB0000000B0F5000F0BD106F40000B0F5000F58
:10AAC00006D16FF40000216808612046FFF788FD79
:10AAD00070BD70477047000070B50546134928687F
:10AAE000884222D1FDF71AFD11480078E8B11048DC
:10AAF0000078062819D0FDF749FD0446002C07DD33
:10AB00000C480078A04203D021460A4803F0F6FD25
:10AB1000FDF764FD06463146064803F0A1FD0548F1
:10AB2000B0F85C000449488100BF70BD002C0140B2
:10AB300044000020641D0020E01000207047014602
:10AB400000BF91F88400012801D102207047012044
:10AB500081F8840000BF2420C1F8880008680268DA
:10AB60000868006820F001000B68186022F00052AD
:10AB700000204866086802602020C1F8880000BFF5
:10AB8000002081F8840000BF00BFDFE770477047F6
:10AB900070B504460D4600BF94F88400012801D129
:10ABA000022070BD012084F8840000BF2420C4F876
:10ABB0008800206806682068006820F0010021688D
:10ABC00008602068806820F0606028432168886001
:10ABD000204604F0B3F9206806602020C4F88800FD
:10ABE00000BF002084F8840000BF00BFD9E770B523
:10ABF00004460D4600BF94F88400012801D10220CC
:10AC000070BD012084F8840000BF2420C4F88800AF
:10AC1000206806682068006820F00100216808604C
:10AC20002068806820F060402843216888602046C2
:10AC300004F084F9206806602020C4F8880000BF72
:10AC4000002084F8840000BF00BFD9E77047704738
:10AC5000704700002DE9F04704462068C569206868
:10AC600006682068876840F60F0005EA0009B9F118
:10AC7000000F0FD105F0200060B106F0200010B9E0
:10AC800007F0805030B1606F10B12046616F884787
:10AC9000BDE8F087B9F1000F7ED0D448384018B92C
:10ACA000D34830400028F7D005F0010058B106F431
:10ACB000807040B1012021680862D4F8900040F013
:10ACC0000100C4F8900005F0020058B107F001003F
:10ACD00040B1022021680862D4F8900040F00400DE
:10ACE000C4F8900005F0040058B107F0010040B12D
:10ACF000042021680862D4F8900040F00200C4F8F3
:10AD0000900005F0080070B106F0200010B9B748B7
:10AD1000384040B1082021680862D4F8900040F023
:10AD20000800C4F8900005F4006060B106F080608F
:10AD300048B14FF4006021680862D4F8900040F0F8
:10AD40002000C4F89000D4F89000002852D005F0FC
:10AD5000200050B106F0200010B907F0805020B15B
:10AD6000606F10B12046616F8847D4F890A02068CA
:10AD7000806800F04000402802D00AF0280070B33C
:10AD8000204604F005FA2068806800F04000402862
:10AD900026D100BF00BF00E02DE02168083151E856
:10ADA000001F21F040002168083141E80002002A1C
:10ADB000F1D100BFD4F8800068B18E48D4F880107B
:10ADC0008863D4F88000FDF7B0FE98B1D4F8800015
:10ADD000816B88470EE02046FFF73AFF0AE003E068
:10ADE0002046FFF735FF05E02046FFF731FF002042
:10ADF000C4F890004CE7E06E012865D105F0100022
:10AE0000002861D006F010000028FAD01020216838
:10AE100008622068806800F04000402865D1D4F8BE
:10AE20008000006840681FFA80F8B8F1000F5BD01E
:10AE3000B4F85C00404557DDA4F85E80D4F880008B
:10AE40000068006800F02000E8BB00BF00BF216878
:10AE500051E8001F21F48070226842E800010029B7
:10AE6000F5D100BF00BF00BF2168083151E8001FC5
:10AE700021F001002168083141E80002002AF3D1E5
:10AE800000BF00BF00BF2168083151E8001F21F05A
:10AE900040002168083141E80002002AF3D100BFD8
:10AEA0002020C4F88C000020E06600BF00BF2168AD
:10AEB00051E8001F21F01000226842E8000100293B
:10AEC000F5D100BF01E004E053E0D4F88000FDF7C5
:10AED000F1FD02202067B4F85C00B4F85E20801A0F
:10AEE00081B22046FFF752FED2E634F85C0F61884B
:10AEF000401A1FFA80F860885C3CC8B3B8F1000FB4
:10AF000036D000BF00BF216851E8001F21F49070C7
:10AF1000226842E800010029F5D100BF00BF00BF50
:10AF20002168083151E8001F304AD24301EA02008B
:10AF30002168083141E80002002AF1D100BF202039
:10AF4000C4F88C000020E066606700BF00BF216885
:10AF500051E8001F21F01000226842E8000100299A
:10AF6000F5D100BF0220206741462046FFF70EFEC4
:10AF70008EE605F4801050B107F4800038B14FF42C
:10AF80008010216808622046FFF761FE80E605F028
:10AF9000800058B106F0800010B907F4000028B115
:10AFA000A06F10B12046A16F884771E605F0400000
:10AFB00030B106F0400018B1204604F01FF967E6F2
:10AFC00005F4000030B106F0804018B12046FFF7CC
:10AFD0003DFE5DE605F0807030B106F0004018B12E
:10AFE0002046FFF7D4FD53E600BF51E601000010F4
:10AFF0002001000477F1000810B504460CB90120C7
:10B0000010BDA06900B100E000BFD4F8880028B9E5
:10B01000002084F88400204600F02AF82420C4F898
:10B0200088002068006820F0010021680860A06A9C
:10B0300010B1204603F0AEFF204604F0F7F80128D7
:10B0400000D1DDE72068406820F490402168486026
:10B050002068806820F02A002168886020680068E5
:10B0600040F0010021680860204604F00FF8C7E7AF
:10B0700010B59AB00446142115A8FAF765FC5021C2
:10B0800001A8FAF761FC7649206888426AD101205C
:10B0900001900020029001A8FEF708FA08B1FDF720
:10B0A000F1FA00BF6F48006E40F480406D490866B9
:10B0B0000846006E00F48040009000BF00BF00BF53
:10B0C0000846C06C40F00100C8640846C06C00F03F
:10B0D0000100009000BF00BF4FF4C0601590022037
:10B0E000169000201790022018900720199015A99B
:10B0F0004FF09040FDF770FF5B485C4908601920F5
:10B1000048601021594881600021C160802101619F
:10B11000002141618161C1614FF440510162FDF73D
:10B12000CDFD08B1FDF7AEFA00BF5048E06784627C
:10B1300000BF002201212520FEF7C6F82520FEF7DA
:10B14000AFF84B480068006840F0100048490968B3
:10B15000086047480068006840F0200044490968DA
:10B1600008607BE043492068884277D10420019041
:10B170000020049001A8FEF799F908B1FDF782FAC2
:10B1800000BF3848806D40F4802036498865084605
:10B19000806D00F48020009000BF00BF00BF084613
:10B1A000C06C40F00400C8640846C06C00F00400A5
:10B1B000009000BF00BF4FF4406015900220169031
:10B1C00000201790032018900720199015A92A48ED
:10B1D000FDF702FF24482830284908601C204860F9
:10B1E000002126488160C160802101610021416108
:10B1F0008161C1614FF400510162FDF75FFD08B14B
:10B20000FDF740FA00BF1D48C4F88000846200BF0B
:10B2100015483C301A4908601D2048601021184824
:10B2200081600021C1608021016100214161816153
:10B23000C1614FF400510162FDF740FD08B1FDF717
:10B2400021FA00BF0E48E067846200BF012200219E
:10B250002720FEF739F82720FEF722F81AB010BD94
:10B2600000380140001002401C000240E4020020AF
:10B27000BC010020004800400008004844030020B2
:10B28000A4030020704700BFFEE7000008B500BF20
:10B290001D48806D40F080501B4988650846806DD0
:10B2A00000F08050009000BF00BFFEF7F5F8164890
:10B2B000806D40F0010014498865896D084312498A
:10B2C00088654AF2A5501149086000BF00BF00BF61
:10B2D00000BF00BFBFF34F8F00BF00BF00BF0C48CF
:10B2E000006800F4E0600B490843001D084908604D
:10B2F00000BF00BF00BFBFF34F8F00BF00BF00BF44
:10B3000000BF00BFFDE70000001002400025004024
:10B310000CED00E00000FA050146A1F580600C2864
:10B3200023D2DFE800F0060A0E121619222222228A
:10B330001C1F0F4890F82E0070470E48408980B2BD
:10B34000FAE70B4890F83400F6E7094890F837011F
:10B35000F2E707488078EFE705480079ECE7044812
:10B36000008EE9E70248408EE6E74FF6FF70E3E71C
:10B370000C110020E01000200246A2F58060092890
:10B3800045D2DFE800F0050C131A21282F363D00C6
:10B39000012902D103201F4B18700020704701299A
:10B3A00002D104201B4B18700020F7E7012902D1BD
:10B3B0000620184B18700020F0E7012902D1052063
:10B3C000144B18700020E9E7012902D10220114B2B
:10B3D00018700020E2E7012902D101200D4B1870FE
:10B3E0000020DBE7012902D108200A4B1870002059
:10B3F000D4E7012902D10920064B18700020CDE7BF
:10B40000012902D10A20034B18700020C6E7012051
:10B41000C4E70000E010002070B56A4890F82600EC
:10B42000012800DA70BD6748847D00253D2C70D06E
:10B4300004DC1A2C07D0252C6CD174E0622C47D088
:10B440006D2CF9D1A8E05F4890F826000B283EDB70
:10B450000A215C481630FCF70BFF5A494871084630
:10B46000417990F82000814201D1012000E00020C4
:10B47000054655B901205349887102205249087088
:10B480000020504981F82600CCE700204D4908856E
:10B4900008464470C07D88700846807E0104494893
:10B4A000407E41EA00204749097E084345498860BB
:10B4B0000846C07EC8700846017F407F41EA0020F0
:10B4C000404988810846C07F08710020887172E079
:10B4D0003C4890F82600062824DB05213948163020
:10B4E000FCF7C6FE3749487108464179C07E814263
:10B4F00001D1012000E00020054665B90120314955
:10B50000887102203049087000202E4981F82600F9
:10B5100088E729E04EE000202A4908850846447063
:10B520000020887147E0274890F8260008281ADB99
:10B5300000202449088508464470C07E000981F82F
:10B540002A000846C07E00F00F011E4880F82B102C
:10B55000007F01091B4880F82C10007F00F00F01CC
:10B56000184880F82D1026E0164890F82600062886
:10B5700011DB00201349088508464470C17D007E18
:10B5800041EA00200F4908860846417E807E41EA54
:10B5900000200C4948860EE00A4890F8260006284C
:10B5A00007DB00200749088508464470807E81F843
:10B5B000340000E000BF00BF0020024981F82600EF
:10B5C00000BF2FE70C1100205B00002070B504467F
:10B5D0000E4615464748008D401C464908850846DA
:10B5E00004708473622C1ED008DC1A2C0DD0252C1C
:10B5F00012D0352C5ED03D2C72D116E06D2C1BD0B4
:10B60000752C11D0AD2C6BD13FE00B2201213948B4
:10B610000E30FCF72FFD64E00822012135480E3082
:10B62000FCF728FD5DE000BF00BF06220121314884
:10B630000E30FCF71FFD54E0012D07D163212D488A
:10B64000C173652101746421417410E0022D07D19A
:10B6500043212848C173492101745021417406E0F7
:10B660004F212448C17349210174502141740421A0
:10B6700020480E30FCF7FCFD1E4988740622052187
:10B680001C480E30FCF7F6FC2BE01A4890F83510F9
:10B69000C173002101748021417404210E30FCF734
:10B6A000E7FD144988748522052112480E30FCF705
:10B6B000E1FC16E00F4890F83510C17306740121C3
:10B6C0004174857405210E30FCF7D2FD0949C87418
:10B6D0000422062107480E30FCF7CCFC01E0FFE70E
:10B6E00000BF00BF0348008D052802DD012002498C
:10B6F000087070BD0C1100205B00002010B50446DE
:10B700000B2C7DD2DFE804F006071D23398A4F8A0F
:10B71000616A810083E04348B0F8380264280CDA9B
:10B72000002211466220FFF751FF3E48B0F8380270
:10B73000401C3C49A1F8380202E000203A49087058
:10B740006DE0002211461A20FFF740FF67E0354800
:10B7500090F8350004280CDA00221146AD20FFF7DE
:10B7600035FF304890F83500401C2E4981F83500EF
:10B7700002E000202C49087051E02A48B0F83A0253
:10B7800005280CDA012200216D20FFF71FFF254854
:10B79000B0F83A02401C2349A1F83A0202E0002026
:10B7A000214908703BE0002211462520FFF70EFFDB
:10B7B0001C48B0F83E02642806DA1A48B0F83E0287
:10B7C000401C1849A1F83E0229E0002211463D2004
:10B7D000FFF7FCFE00201449087020E01148B0F883
:10B7E0003C0205280DDA032200216D20FFF7EEFE52
:10B7F0000C48B0F83C02401C0A49A1F83C0203E0A6
:10B800000CE000200849087009E0022200216D20A8
:10B81000FFF7DCFE00200449087000E000BF00BF15
:10B8200010BD00000C110020E010002008B500BF82
:10B830001D48806C40F004001B4988640846806CF9
:10B8400000F00400009000BF00BF00BF0846806CFD
:10B8500040F0010088640846806C00F00100009010
:10B8600000BF00BF002201210B20FDF72DFD0B20A2
:10B87000FDF716FD002211460C20FDF725FD0C20DA
:10B88000FDF70EFD002211460E20FDF71DFD0E20D6
:10B89000FDF706FD002211460F20FDF715FD0F20D4
:10B8A000FDF7FEFC08BD00000010024000B587B0A7
:10B8B000142102A8FAF748F800BF4948C06C40F0CC
:10B8C00020004749C8640846C06C00F02000019081
:10B8D00000BF00BF00BF0846C06C40F00100C86454
:10B8E0000846C06C00F00100019000BF00BF00BF1F
:10B8F0000846C06C40F00200C8640846C06C00F006
:10B900000200019000BF00BF00BF0846C06C40F0BD
:10B910000400C8640846C06C00F00400019000BF39
:10B9200000BF002240F6FF114FF09040FDF742FCAF
:10B93000002241F208012B48FDF73CFC40F6FF00D5
:10B9400002900120039000200490059002A94FF07E
:10B950009040FDF741FB4FF480500290012003908E
:10B96000002004900320059002A91E48FDF734FB37
:10B970004FF4807002900120039000200490022078
:10B98000059002A94FF09040FDF726FB0820029099
:10B9900001200390002004900220059002A9114884
:10B9A000FDF71AFBF02002904FF4041003900020E2
:10B9B000049002A90B48FDF70FFB002204210A2086
:10B9C000FDF782FC0A20FDF76BFC00220421172002
:10B9D000FDF77AFC1720FDF763FC07B000BD0000FF
:10B9E000001002400004004810B5124812490860D7
:10B9F0004FF48270486000210F4881604FF4E0618D
:10BA0000C1600021016141614FF400718161202119
:10BA1000C16100210162416281620721C16200218E
:10BA2000016308214163FEF771FB08B1FCF72AFEB0
:10BA300010BD0000003800406000002000B587B055
:10BA400000200390049005900690009001900290D1
:10BA5000154816490860002048600021134881609D
:10BA60004FF42651C1600021016141618161FEF7FF
:10BA7000B8FD08B1FCF706FE4FF48050039003A90F
:10BA80000A48FEF777FE08B1FCF7FCFD00200090A5
:10BA90000190029069460548FEF73CFD08B1FCF7AD
:10BAA000F1FD07B000BD0000002C01402401002082
:10BAB0000EB500200090019002900E480E490860DB
:10BAC000A920486000210C48816040F2E731C16044
:10BAD00000218161FEF785FD08B1FCF7D3FD002050
:10BAE0000090029069460448FEF714FD08B1FCF787
:10BAF000C9FD0EBD001000407001002010B51A48AD
:10BB00001A4908604FF4614048604FF4805117486B
:10BB100081600021C1604FF4C06101610C2141616D
:10BB200000218161C1610162416200200F49886288
:10BB30000846FFF761FA08B1FCF7A4FD00210B48A5
:10BB4000FFF755F808B1FCF79DFD00210748FFF706
:10BB50001FF808B1FCF796FD0448FEF7F0FF08B1A6
:10BB6000FCF790FD10BD000000380140BC01002032
:10BB700010B5174817490860174848600021154854
:10BB80008160C16001610C21416100218161C1615D
:10BB90000162416200200F4988620846FFF72CFAD3
:10BBA00008B1FCF76FFD00210A48FFF720F808B143
:10BBB000FCF768FD00210748FEF7EAFF08B1FCF733
:10BBC00061FD0448FEF7BBFF08B1FCF75BFD10BD4B
:10BBD0000048004050020020A025260000BFFEE7DC
:10BBE00010B5042012490870124890F876011249E5
:10BBF0000870104890F8770140F0800048700C48B9
:10BC0000007840F05000887003210B4800F074FB6E
:10BC100004460949CC70200A08710846C1F804029C
:10BC2000052180F8081200F5017003F0B7FD10BD82
:10BC30005B00002010080020040400202DE9F047DC
:10BC400006460F4678064FEA106909F10300C5B2AF
:10BC50001F4890F876011F4908701D4890F8770139
:10BC60004870084680F80290002413E030193A2802
:10BC70000EDA3219184931F812000112032202EBD0
:10BC80004402144B9954042202EB4402985400BF1E
:10BC9000601C84B2BC42E9DB29460E4800F02CFB54
:10BCA00080460C4901F805804FEA2821094A681CA2
:10BCB000115410460146C1F80402A81CC1B2104636
:10BCC00080F8081200F5017003F068FDBDE8F08708
:10BCD0001008002004040020840A002010B509493F
:10BCE00001F58070026840680A6048600846C1F843
:10BCF0000402082180F8081200F5017003F04EFDDF
:10BD000010BD00000404002010B5184890F876011A
:10BD100017490870154890F877014870134890F853
:10BD200078018870114890F87901C8700F4890F830
:10BD30007C0108710D4890F87D01487106210C487E
:10BD400000F0DAFA0A4988710621094800F0D4FAAD
:10BD5000000A0749C8710846C1F80402082180F8A2
:10BD6000081200F5017003F019FD10BD1008002045
:10BD70000404002010B5274890F8E80200F0010004
:10BD800010B1FCF751FC3BE0224890F8E802C0F308
:10BD9000400010B1FCF72EFB32E01E4890F8E8029C
:10BDA000C0F3800010B101F0A7FF29E01A4890F815
:10BDB0000001184981F87601174890F801111548DB
:10BDC00080F8771190F87601012816D1114890F883
:10BDD0007701032804D0062805D0102809D105E0F2
:10BDE00000F020F808E000F0F9F805E000F0B8F9FC
:10BDF00002E0FBF7C3FA00BF01E0FBF71BFB00BF4B
:10BE00004FF480710548F9F79FFD0548FCF7E0F80D
:10BE100010BD0000100800200404002004050020CC
:10BE2000BC0100202DE9F0414548B0F80002082887
:10BE30007ED100F089F8424890F80611414890F808
:10BE40006702814207D13E4890F807113D4890F8BB
:10BE50006802814202D0FFF7C3FE6FE03949B1F8B2
:10BE60007A01FCF723FA002847D0364890F866029A
:10BE70004006070EF81CC5B2324890F876013049EA
:10BE80000870304890F877014870084687700024A1
:10BE900015E02C49B1F87A11214488B2FCF715FA63
:10BEA00080464FEA2820032101EB4401244A5054E4
:10BEB000042101EB440102F80180601C84B2214896
:10BEC00090F86602A042E4DC29461D4800F014FA0E
:10BED00006461B494E553112194A681C115410462A
:10BEE0000146C1F80402A81CC1B2104680F808122D
:10BEF00000F5017003F052FC20E01248B0F87A011E
:10BF0000B0F5805F15DB0F48B0F87A11A1F58051CC
:10BF100090F8660208443A280BDC0A4A92F8661246
:10BF2000B2F87A21A2F5805290B2FFF787FE05E0C1
:10BF300002E0FBF7F5F901E0FBF74EFABDE8F0810E
:10BF4000040400201008002000B5214890F80211D8
:10BF5000204880F878111E4890F803111D4880F899
:10BF6000791190F8791190F8780141EA0021194887
:10BF7000A0F87A11164890F80411164880F87C1140
:10BF8000134890F80511134880F87D1190F87D1141
:10BF900090F87C0141EA0020C1B20E4880F8661298
:10BFA00090F866021D2800DB00BD06210A4800F05B
:10BFB000A3F9C1B2074880F867120621064800F0CD
:10BFC0009BF9010A034880F8681200BFECE7000003
:10BFD00004040020100800200405002010B53D488E
:10BFE000B0F80002082872D100F078F8394890F8CB
:10BFF0000611394890F86702814207D1354890F818
:10C000000711354890F86802814202D0FFF7E8FD39
:10C010005FE03149B1F87A01FCF748F948B12E4A9E
:10C02000B2F8F211B2F87A01FCF796F9FFF756FE72
:10C030004FE02948B0F87A01B0F5805F44DB26482C
:10C04000B0F87A01A0F6FF703A283DDC2248B0F83B
:10C050007A01A0F5805084B21F48B0F8F21100F5C3
:10C060001D7020F814101C48B0F87A01A0F580501B
:10C070000A2823D2DFE800F00508090A0B0C0D0E90
:10C080000F1B01F0DDFD1AE000BF00BF00BF00BFC5
:10C0900000BF00BF00BF1048B0F8F20118B1E0B215
:10C0A00001F014FE02E0E0B201F0FAFD07E0012227
:10C0B000D1024FF09040FDF77DF800E000BF00BFD7
:10C0C000FFF70CFE05E002E0FBF72AF901E0FBF7C1
:10C0D00083F910BD040400201008002000B51D489D
:10C0E00090F802111C4880F878111A4890F8031152
:10C0F000194880F8791190F8791190F8780141EA9F
:10C1000000211548A0F87A11124890F8041112483D
:10C1100080F87E110F4890F805110F4880F8B8118B
:10C1200090F8B81190F87E0141EA00210A48A0F881
:10C13000F2110621094800F0DFF8C1B2064880F884
:10C1400067120621054800F0D7F8010A024880F876
:10C15000681200BD0404002010080020040500201F
:10C160002DE9F047284890F8066106F10904B0F877
:10C170000002A04244D1A01E24490A5C601E085C53
:10C1800042EA0027A01EC1B2204800F0B5F8804660
:10C19000B84502D0FFF724FD31E000F03DF81C481F
:10C1A00090F87D1190F87C0141EA00251848B0F81C
:10C1B0007A01B0F5805F1FDB1548B0F87A01A0F571
:10C1C000805028443A2817DC1148B0F87A01A0F5CD
:10C1D00080501FFA80F9002009E00E4931F8102044
:10C1E00009EB0003823121F81320411C88B2A842D8
:10C1F000F3DBFFF789FD01E0FBF7EEF800BF01E09C
:10C20000FBF7EAF8BDE8F0870404002004050020ED
:10C2100010080020020A002030B5334890F80211BF
:10C22000324880F87811304890F803112F4880F890
:10C23000791190F8791190F8780141EA00212B48A2
:10C24000A0F87A11284890F80411284880F87C1149
:10C25000254890F80511254880F87D1190F87D114A
:10C2600090F87C0141EA00251F4890F806111F480C
:10C2700080F866121D2D00DB30BD002419E0072078
:10C2800000EB44011A48415C1A480155082000EBB4
:10C2900044011748415C17483A300155015D3A386E
:10C2A000005D41EA00211348743020F81410601C2E
:10C2B00084B2AC42E3DB072000EB4500C1B20C487E
:10C2C00000F01AF8C1B2094880F86712072000EBA5
:10C2D0004500C1B2064800F00FF8010A034880F893
:10C2E000681200BFC8E70000040400201008002006
:10C2F000040500208E09002030B502460B464FF69B
:10C30000FF70002111E012F8014B604000210AE0AB
:10C3100000F0010424B14AF2010484EA600000E064
:10C3200040104C1CE1B20829F2DB1C1EA3F10105F0
:10C33000EBB2E8D130BD000010B5022200216D2023
:10C3400000F068FC00200149087010BDE0100020DA
:10C3500010B50C48007840B9002211461A2000F0B0
:10C3600059FC0020074908700AE0002006490870BF
:10C3700000221146752000F04DFC00200149087094
:10C3800010BD00005E000020E01000200148007891
:10C39000704700005B00002010B5002211462520E8
:10C3A00000F038FC064890F87503642807DA044862
:10C3B00090F87503401CC1B2014880F8751310BD98
:10C3C000640D002010B50D4890F8760305280DDAAD
:10C3D000012200216D2000F01DFC084890F8760332
:10C3E000401CC1B2054880F8761306E000210348DE
:10C3F00080F8761300200249087010BD640D0020FB
:10C40000E01000200146A1F50070142869D2DFE891
:10C4100000F00A0E12161A1E22262A2E32363A3E34
:10C4200042464A4D5064304890F8730370472F4895
:10C43000408980B2FAE72C4890F86200F6E72A4873
:10C4400090F86E01F2E7284890F85C00EEE7264885
:10C4500090F85D00EAE7244890F80202E6E72248F7
:10C4600090F80302E2E7204890F80402DEE71E4855
:10C4700090F80502DAE71C48B0F87803D6E71A48C6
:10C4800090F8D601D2E7184890F8D701CEE71648C1
:10C4900090F8D801CAE7144890F8D901C6E71248C5
:10C4A00090F85B00C2E712488079BFE70F48008927
:10C4B000BCE70D4890F8720302030B4890F8710333
:10C4C00042EA0022084890F8700342EA0010064A47
:10C4D00092F86F23104380B2A8E7034890F8F80160
:10C4E000A4E74FF6FF70A1E7640D0020E0100020E4
:10C4F000540000200246A2F500700B2853D2DFE85A
:10C5000000F0060D141B222930373E454B0001294F
:10C5100002D10120254B187000207047012902D15B
:10C520000220224B18700020F7E7012902D10320D6
:10C530001E4B18700020F0E7012902D104201B4B8C
:10C5400018700020E9E7012902D10520174B187067
:10C550000020E2E7012902D10620144B18700020C8
:10C56000DBE7012902D10720104B18700020D4E727
:10C57000012902D108200D4B18700020CDE70129B8
:10C5800002D10920094B18700020C6E7074B5970EB
:10C590000A2018700020C0E7012902D10B20034BAC
:10C5A00018700020B9E70120B7E70000E010002074
:10C5B00010B50D4890F87403642813DA0022114670
:10C5C000622000F027FB084890F87403401C0649DD
:10C5D00081F87403084690F87403642802D100209F
:10C5E0000249087010BD0000640D0020E01000201A
:10C5F00010B50D4890F8770305280DDA03220021C5
:10C600006D2000F007FB084890F87703401CC1B28A
:10C61000054880F8771306E00021034880F8771377
:10C6200000200249087010BD640D0020E0100020B9
:10C6300010B5124890F86A00042815DA80210F48D6
:10C6400080F86C1000200D4981F868000022114626
:10C65000AD2000F0DFFA094890F86A00401CC1B232
:10C66000064880F86A1008E0002005490870034871
:10C6700090F8D301014981F85B0010BD640D0020E2
:10C68000E010002010B527480078062847D2DFE8E0
:10C6900000F0030D17212B350623112252214020D3
:10C6A00000F024FC01201F49087038E00123DA2241
:10C6B0005221402000F01AFC02201A4908702EE096
:10C6C0000123EA225221402000F010FC03201549EA
:10C6D000087024E00223EC225221402000F006FCE6
:10C6E0000420104908701AE0A02312225221402091
:10C6F00000F0FCFB05200B49087010E00A48407967
:10C700001F2803D101200849887102E00220064950
:10C7100088710020054908700249087000BF00BFF9
:10C7200010BD00005D00002054000020E01000203B
:10C7300010B500224521402000F06CFA002001498C
:10C74000087010BDE0100020F0B5FB4890F85000D4
:10C75000012800DAF0BDF848047C0025622C67D07F
:10C7600008DC022C63D01A2C0BD0252C75D03D2C64
:10C7700074D144E16D2C72D0752C71D0AD2CF7D1F1
:10C78000BDE1ED4890F850000B284FDB0A21EA4844
:10C790001030FBF76DFDE84981F86300084690F81A
:10C7A0006310807E814201D1012000E00020054617
:10C7B0009DB9E14890F8610020F00200801CDE493C
:10C7C00081F861000220DD4908700120DA4981F812
:10C7D0006400002081F85000BCE70020D649A1F891
:10C7E0006600084680F85240407C81F85C000846AC
:10C7F000007D0104D048C07C41EA0020CE49897CFC
:10C800000843CD4948650846407D81F85A000846EE
:10C81000817DC07D41EA0020C749A1F85800084643
:10C82000407E81F85D00002081F86400CDE100BF0A
:10C83000C14890F85000062843DB0521BE4810305F
:10C84000FBF716FDBC4981F86300084690F86310B9
:10C85000407D814205D1012004E033E0B4E114E1E0
:10C860008EE0002005469DB9B34890F8610020F0A5
:10C870000200801CB04981F861000220AF490870B5
:10C880000120AD4981F86400002081F8500061E783
:10C890000020A949A1F86600084680F85240407C73
:10C8A00081F85C000846007D0104A348C07C41EA91
:10C8B0000020A149897C08439F494865002081F8F0
:10C8C000640082E19C4890F85000082857DB07215B
:10C8D00099481030FBF7CCFC974981F86300084673
:10C8E00090F86310C07D814201D1012000E000205A
:10C8F00005469DB9904890F8610020F00200801C28
:10C900008D4981F8610002208C49087001208A4914
:10C9100081F86400002081F850001BE70020864960
:10C92000A1F86600084680F85240407C81F85C001F
:10C930000846007D01048048C07C41EA00207E4911
:10C94000897C08437C4948650846407D000981F898
:10C950006F030846407D00F00F01774880F87013A0
:10C96000807D0109744880F87113807D00F00F010B
:10C97000714880F8721300206F4981F8640024E147
:10C980006D4890F85000052838DB00206A49A1F86E
:10C99000660081F850000846007C81F85200084685
:10C9A000407C81F85E000846807C81F85F00084684
:10C9B000C07C81F8600004215F481030FBF758FC10
:10C9C0005D4981F86300084690F86310007D81425C
:10C9D00010D00120584981F86500594890F8E802C4
:10C9E00020F00200801C564981F8E80202205349D9
:10C9F000087003E00020504981F86500E5E04E48EA
:10CA000090F8500006283FDB05214B481030FBF71B
:10CA10002FFC494981F86300084690F86310407D77
:10CA2000814201D1012000E0002005469DB9424825
:10CA300090F8610020F00200801C3F4981F86100FD
:10CA400002203E49087001203B4981F86400002023
:10CA500081F850007EE600203749A1F866000846BC
:10CA600080F85240417C807C41EA00203249A1F8A4
:10CA700078030846C17C007D41EA00202E49A1F8D8
:10CA80007A03002081F864009FE02B4890F8500062
:10CA9000062833DB052128481030FBF7E9FB26493F
:10CAA00081F86300084690F86310407D814201D10F
:10CAB000012000E0002005469DB91F4890F8610064
:10CAC00020F00200801C1C4981F8610002201B49F3
:10CAD00008700120184981F86400002081F8500096
:10CAE00038E600201449A1F86600084680F8524054
:10CAF000007D81F86200002081F8640065E00E4846
:10CB000090F86C00401DC6B20B4890F85000B0423F
:10CB100059DB701EC1B208481030FBF7A9FB06496B
:10CB200081F86300084690F86320701E1031085C9D
:10CB3000824207D1012006E0640D00205B00002046
:10CB400010080020002005469DB9234890F8610098
:10CB500020F00200801C204981F8610002201F495A
:10CB6000087001201C4981F86400002081F8500001
:10CB7000F0E500201849A1F86600084680F8524008
:10CB8000417C80F86B10817C80F8691090F86B70A4
:10CB9000062F13DA00200AE0011D0F4A1032525C02
:10CBA0000D496E3101EBC7110A54411CC8B20A4944
:10CBB00091F86C10814201DD8028EDDB00200649F0
:10CBC00081F8640000BF00E000BF00BF0020024900
:10CBD00081F8500000BFBDE5640D00205B0000201F
:10CBE00010B5054842784621402000F013F8002097
:10CBF0000149087010BD0000E010002010B50022AF
:10CC000011463D2000F006F800200149087010BDD3
:10CC1000E01000202DE9F04104460F4616469148E9
:10CC2000B0F86600401C8F49A1F86600084680F8FD
:10CC300051400470402C75D00EDC322C45D006DCFF
:10CC4000022C1ED01A2C16D0252C6CD128E0352CA5
:10CC50006BD03D2CF9D116E0852C1AD006DC622C65
:10CC600010D06D2C71D0752CEFD113E0AD2C3CD0D1
:10CC7000EA2CEAD11AE00B2201217A48FBF7FAF9F3
:10CC8000DCE000BF00BF062201217648FBF7F2F985
:10CC9000D4E000BF042201217248FBF7EBF9CDE09C
:10CCA000082201216F48FBF7E5F9C7E06D480470E1
:10CCB00001464F700221FBF7DBFA6A4988700422B3
:10CCC00003216848FBF7D6F9B8E0664804700146CE
:10CCD0004F7086700321FBF7CBFA6249C8700422BB
:10CCE00011466048FBF7C6F9A8E05E48047090F86A
:10CCF0006A005C494870084690F8680088700846E9
:10CD000090F86C00C87004215648FBF7B1FA5549F9
:10CD10000871084690F86C00421D05215148FBF748
:10CD2000A9F98BE060E088E0FFE74E48047090F8D6
:10CD30006A004C494870084690F8680088700846B8
:10CD400090F86C00C870002510E022E0454890F88B
:10CD50006A106E3000EBC110424991F86810294406
:10CD6000415C281D3F4A1154681CC5B23D4890F8EB
:10CD70006C00A842EADC281DC1B23A48FBF778FAF9
:10CD8000291D384A5054691D04223648FBF772F9B0
:10CD900054E0344880F86E630470012E07D163209C
:10CDA00030494870652088706420C87010E0022EF9
:10CDB00007D143202B494870492088705020C87003
:10CDC00006E04F2027494870492088705020C870DD
:10CDD00004212448FBF74CFA224908710622052158
:10CDE0002048FBF747F929E0462F11D11D48047070
:10CDF00046201C494870084686700321FBF738FA24
:10CE00001849C870042211461648FBF733F913E09D
:10CE1000452F11D113480470452012494870002055
:10CE2000887003210F48FBF723FA0E49C8700422CB
:10CE300011460C48FBF71EF900E000BF00BF09488F
:10CE4000B0F8660005280BDD064890F8610020F078
:10CE50000100401C034981F861000120024908706B
:10CE6000BDE8F081640D00205B00002010B5044691
:10CE7000102C37D2DFE804F0080F1215180C091B2C
:10CE80001E21272A242D30332DE0FFF791FB2AE0C5
:10CE9000FFF75EFA27E0FFF7CBFB24E0FFF792FAFB
:10CEA00021E0FFF779FA1EE000F062F91BE0FFF7DE
:10CEB000A5FE18E0FFF79CFB15E0FFF73DFA12E036
:10CEC00000F062F80FE0FFF78BFE0CE0FFF730FC9C
:10CED00009E000F0A7F806E000F0EEF803E0FFF745
:10CEE000D1FB00E000BF00BF10BD00002DE9F04104
:10CEF00005460C4616461F462148B0F86600401C01
:10CF00001F49A1F86600512C12D1084605704470E3
:10CF100086700020C870084607710521FBF7A8F944
:10CF200017494871062211461548FBF7A3F813E08C
:10CF3000522C11D11248057044708670002010499F
:10CF4000C87004210E48FBF793F90D4908710622B9
:10CF500005210B48FBF78EF80948B0F86600052854
:10CF60000BDD074890F8610020F00100401C0449E7
:10CF700081F86100012003490870BDE8F0810000DC
:10CF8000640D00205B00002010B50221234880F8CA
:10CF90006A106820214981F8680004211F4880F840
:10CFA0006C101F48C1781D4890F86A206E3000EB65
:10CFB000C2101A4A92F8682081541948017917481A
:10CFC00090F86A206E3000EBC2126E3890F868005C
:10CFD000401C115412484179104890F86A206E3074
:10CFE00000EBC2126E3890F86800801C11540C4897
:10CFF00081790A4890F86A206E3000EBC2126E38D0
:10D0000090F86800C01C1154002211463520FFF72B
:10D0100001FE00200249087010BD0000640D0020D0
:10D02000E010002010B50221214880F86A1070201D
:10D030001F4981F8680004211D4880F86C104821C0
:10D0400090F86A206E3000EBC210194A92F86820FE
:10D0500081544D21164890F86A206E3000EBC212C0
:10D060006E3890F86800401C11540121104890F867
:10D070006A206E3000EBC2126E3890F86800801C97
:10D0800011540C4881780A4890F86A206E3000EB01
:10D09000C2126E3890F86800C01C1154002211466C
:10D0A0003520FFF7B7FD00200249087010BD0000D1
:10D0B000640D0020E010002010B52A4800780528F3
:10D0C0004DD2DFE800F003111F2D3B00062026495A
:10D0D000087008460378112251214020FFF706FF0F
:10D0E0000120204908703AE001201F494870084695
:10D0F0004378DA2251214020FFF7F8FE0220194937
:10D1000008702CE001201849887008468378EA22CC
:10D1100051214020FFF7EAFE0320124908701EE06B
:10D1200002201149C8700846C378EC2251214020E2
:10D13000FFF7DCFE04200B49087010E0A0200A492C
:10D14000087108460379122251214020FFF7CEFED4
:10D150000F200649087000200249087000BF00BF78
:10D1600010BD00005C00002054000020E0100020F2
:10D1700010B502210E4880F86A1000200C4981F891
:10D18000680001210A4880F86C10092190F86A2093
:10D190006E3000EBC210064A92F8682081540022DB
:10D1A00011463520FFF736FD00200249087010BDFA
:10D1B000640D0020E01000200146A1F540702D28EC
:10D1C00078D2DFE800F0171B1F2226292C303438D4
:10D1D0003C407777777744474A4D5155595C5F62B9
:10D1E000666A6F77777777777777777777777777F5
:10D1F00077777300314890F8530070472F4890F8C4
:10D200005200FAE72D488078F7E72C4890F8540050
:10D21000F3E72A480079F0E72848C078EDE7274887
:10D2200090F8F401E9E7254890F8F501E5E723488F
:10D2300090F8F601E1E7214890F8F701DDE71F4893
:10D24000B0F85A00D9E71D48B0F85C00D5E71B4894
:10D25000C08DD2E71948808ECFE71848408FCCE7C1
:10D260001648B0F84000C8E71448B0F84600C4E7D4
:10D270001248B0F84C00C0E71048408EBDE70F4898
:10D28000008FBAE70D48C08FB7E70C48B0F84400EC
:10D29000B3E70A48B0F84A00AFE70848B0F85000D2
:10D2A000ABE707E00548B0F85600A6E70348B0F83A
:10D2B0005800A2E74FF6FF709FE700004C130020D4
:10D2C0000246A2F54070092845D2DFE800F0050CBF
:10D2D000131A21282F363D00012902D103201F4BAC
:10D2E000187000207047012902D104201B4B1870D0
:10D2F0000020F7E7012902D10C20184B18700020FC
:10D30000F0E7012902D10520144B18700020E9E74D
:10D31000012902D10220114B18700020E2E70129F7
:10D3200002D101200D4B18700020DBE7012902D14A
:10D3300006200A4B18700020D4E7012902D11120E1
:10D34000064B18700020CDE7012902D11220034BB3
:10D3500018700020C6E70120C4E70000E01000209C
:10D3600070B5644890F82A00012800DA70BD614861
:10D37000847D00253D2C70D004DC1A2C07D0252C90
:10D380006CD174E0622C47D06D2CF9D19EE05948E5
:10D3900090F82A000B283EDB0A2156481630FAF78F
:10D3A00067FF544948710846417990F8200081424E
:10D3B00001D1012000E00020054655B901204D496A
:10D3C000887102204C49087000204A4981F82A00DF
:10D3D000CCE700204749888508464470C07D8870A6
:10D3E0000846807E01044348407E41EA00204149CE
:10D3F000097E08433F4988600846C07EC8700846D9
:10D40000017F407F41EA00203A4988810846C07F79
:10D4100008710020887165E0364890F82A000628D7
:10D4200024DB052133481630FAF722FF31494871D1
:10D4300008464179C07E814201D1012000E00020F0
:10D44000054665B901202B49887102202A490870D8
:10D450000020284981F82A0088E71DE041E00020EB
:10D460002449888508464470002088713AE02148A4
:10D4700090F82A0008280EDB00201E4988850846FF
:10D480004470C07E000981F852000846C07E00F05A
:10D490000F0081F8530025E0164890F82A0006286E
:10D4A00013DB00201349888508464470C17D007E47
:10D4B00041EA00200F49A1F85A000846417E807ECB
:10D4C00041EA00200B49A1F85C000BE0094890F804
:10D4D0002A00062804DB0020064988850846447097
:10D4E00000E000BF00BF0020024981F82A0000BF11
:10D4F0003CE700004C1300205B00002070B50446A0
:10D500000D4616463848808D401C374988850846A8
:10D51000047084733D2C17D006DC1A2C0BD0252CFC
:10D5200011D0352C55D13FE0622C0BD06D2C12D090
:10D53000AD2C4ED123E00B2201212B480E30FAF7FF
:10D5400099FD47E000BF00BF0822012126480E30A8
:10D55000FAF790FD3EE063212348C1736521017411
:10D560006421417404210E30FAF782FE1E4988744A
:10D57000062205211C480E30FAF77CFD2AE01A48E5
:10D5800090F85E10C1730021017480214174042160
:10D590000E30FAF76DFE1449887485220521124871
:10D5A0000E30FAF767FD15E00F4890F85E10C17372
:10D5B000057401214174867405210E30FAF758FE76
:10D5C0000949C8740422062107480E30FAF752FDB3
:10D5D00000E000BF00BF0448808D052802DD012067
:10D5E0000249087070BD00004C1300205B00002051
:10D5F00010B504460D2C60D2DFE804F007081E24A5
:10D600003A5F565F5F5F5F5F500057E02C48B0F8AD
:10D61000600264280CDA002211466220FFF76EFFD8
:10D620002748B0F86002401C2549A1F8600202E0DA
:10D6300000202449087041E0002211461A20FFF71B
:10D640005DFF3BE01E4890F85E0004280CDA0022E3
:10D650001146AD20FFF752FF194890F85E00401CBC
:10D66000174981F85E0002E000201649087025E0A5
:10D670001348B0F8620205280CDA002211466D202A
:10D68000FFF73CFF0E48B0F86202401C0C49A1F8BD
:10D69000620202E000200B4908700FE000221146F0
:10D6A0002520FFF72BFF09E0002211463D20FFF760
:10D6B00025FF00200349087000E000BF00BF10BD37
:10D6C0004C130020E010002000BFFEE70146A1F54A
:10D6D000A06007281DD2DFE800F004070A0E12152B
:10D6E00018000D48807870470B48C078FBE70A485F
:10D6F0008068000CF7E70848008980B2F3E7064825
:10D700008089F0E704480079EDE70348B0F8320279
:10D71000E9E74FF6FF70E6E7B41500200246A2F5F0
:10D72000A060052827D2DFE800F0030A11181F00C7
:10D73000012902D10220114B1870002070470129E5
:10D7400002D103200D4B18700020F7E7012902D108
:10D7500004200A4B18700020F0E7012902D10520AF
:10D76000064B18700020E9E7012902D10620034B7F
:10D7700018700020E2E70120E0E70000E010002040
:10D7800070B5834890F82200012800DA70BD804807
:10D79000847C0025A22C72D006DC022C4DD01A2CE1
:10D7A00007D0622C6CD149E0DA2C6AD0EA2CF9D18E
:10D7B000A9E0774890F822000B283DDB0A21744845
:10D7C0001230FAF755FD7249487108464179007FD9
:10D7D000814201D1012000E00020054655B9012019
:10D7E0006B49887102206B4908700020684981F8F4
:10D7F0002200CBE700206649888408464470C07C3C
:10D8000088700846807D01046148407D41EA00201F
:10D810005F49097D08435E4988600846C07DC8703D
:10D820000846017E407E41EA002059498881084629
:10D83000C07E087100208871A3E000BF544890F8B2
:10D840002200062833DB052151481230FAF710FD7B
:10D850004F49487108464179C07D814201D101207C
:10D8600000E0002005466DB9012049498871022079
:10D87000484908700020464981F8220086E76DE09B
:10D880007EE015E000204249888408464470C07C50
:10D8900088700846807D01043D48407D41EA0020B3
:10D8A0003B49097D08433A4988600020887168E057
:10D8B000374890F82200032824DB02213448123034
:10D8C000FAF7D6FC3249487108464179007D814219
:10D8D00001D1012000E00020054655B901202C4966
:10D8E000887102202B4908700020294981F8220004
:10D8F0004CE700202649888408464470C07C887024
:10D90000002088713DE0224890F82200042824DBA2
:10D9100000221F4B9A841A465470D27C02F07F0377
:10D920001B4A82F82730D27CD309194A82F82A3060
:10D9300092F8280092F82710042806DA802904DAE1
:10D94000137D2B3202EBC0125354114A92F8262059
:10D95000521C0F4B83F8262000BF12E00C4890F8B1
:10D96000220006280BDB0020094988840846447001
:10D97000C17C007D41EA00200549A1F8320200E0A7
:10D9800000BF00BF0020024981F8220000BFFDE671
:10D99000B41500205B00002070B505460C46164605
:10D9A0003448808C401C3349888408460570857350
:10D9B000622D15D006DC022D13D01A2D09D0322D80
:10D9C0004DD12BE0A22D39D0DA2D11D0EA2D46D140
:10D9D00015E00B22012127480E30FAF74BFB3FE000
:10D9E00000BF0622012123480E30FAF743FB37E03F
:10D9F000032201211F480E30FAF73CFB30E01D489E
:10DA0000C47302210E30FAF733FC1A490874042259
:10DA1000032118480E30FAF72DFB21E01548C47396
:10DA2000067403210E30FAF723FC124948740422CD
:10DA3000114610480E30FAF71DFB11E00D48C47373
:10DA4000210A017403210E30FAF712FC09494874C7
:10DA50000622042107480E30FAF70CFB00E000BF55
:10DA600000BF0448808C052802DD012002490870AF
:10DA700070BD0000B41500205B00002010B5044606
:10DA8000072C52D2DFE804F00405060C2E454B00AB
:10DA90004CE04BE0002211461A20FFF77DFF45E0E5
:10DAA000234890F826007F2807DA214890F82610AE
:10DAB0000022EA20FFF770FF13E01D4890F82800CD
:10DAC000401CC1B21A4880F8281090F82800042899
:10DAD00003DB00201749087003E00020144981F897
:10DAE000260023E01248B0F82E020A280DDA0022A0
:10DAF0001146DA20FFF750FF0D48B0F82E02401C07
:10DB000081B20B48A0F82E1202E0002009490870EB
:10DB10000CE0002211461A20FFF73EFF06E000222B
:10DB20008021A220FFF738FF00E000BF00BF10BD3A
:10DB3000B4150020E01000203EB500238DF8003021
:10DB40008DF801308DF80230124B01935B42029345
:10DB500021B91AB9104B01935B42029349B9012ACA
:10DB600007D101238DF80130002301934FF6FF7395
:10DB70000293012909D142B901238DF80230002313
:10DB80008DF8013001930F2302939DE8380080E85F
:10DB900038003EBDF1D8FFFF90E8FFFF10B5F0213F
:10DBA0000748F7F7D1FEF0210648F7F7CDFE3C21F4
:10DBB0000348FAF75FFE10B10120FAF7E1F810BD53
:10DBC000240B0020140C002010B53C210148FAF76A
:10DBD000AFFE10BD240B00207047000070B5164D3D
:10DBE000ED6805F00304144DED68C5F303156B1CD7
:10DBF000022C0CD0032C09D1104DB5FBF3F50E4EC1
:10DC0000F668C6F3062605FB06F10AE000BF0B4DD9
:10DC1000B5FBF3F5084EF668C6F3062605FB06F1DC
:10DC200000BF00BF044DED68C5F341656D1C6A007F
:10DC3000B1FBF2F070BD0000001002400024F400BF
:10DC400010B5012404E0204600F02AF8601CC4B29C
:10DC5000082CF8DD10BD10B5012404E0204600F0CA
:10DC600035F8601CC4B2082CF8DD10BD10B50446B0
:10DC7000012C0FDB082C0DDC621E074B33F8121051
:10DC8000064B53F82200FBF78DFA012800D110BD96
:10DC90000020FCE70020FAE734FE000844FE0008FC
:10DCA00010B50446012C0BDB082C09DC621E054B69
:10DCB00033F81210044B53F822000022FBF77AFAD3
:10DCC00010BD000034FE000844FE000810B50446F4
:10DCD000012C0BDB082C09DC621E054B33F81210FB
:10DCE000044B53F822000122FBF764FA10BD000038
:10DCF00034FE000844FE000810B5062012490870E2
:10DD0000124890F8760112490870104890F877018F
:10DD100040F0800048700C48007840F05000887057
:10DD200003210B48FEF7E8FA04460949CC70200AA3
:10DD300008710846C1F80402052180F8081200F5B0
:10DD4000017001F02BFD10BD5B00002010080020C9
:10DD500004040020F8B504460E461546334600225A
:10DD60004FF4C0512046009500F026F828B1206EEF
:10DD700040F0200020660320F8BD334600228021B9
:10DD80002046009500F094F828B1206E40F0200065
:10DD900020660320F0E7334600224FF4C06120469E
:10DDA000009500F009F828B1206E40F020002066B0
:10DDB0000320E1E70020DFE72DE9FC5F04460D4684
:10DDC00016461F46DDF8309000200090FBF7F8F96A
:10DDD000A0EB0900A7EB0008FBF7F2F982462068E8
:10DDE00000F10C0B31480068C0EBC00000EB800074
:10DDF000000D00FB08F0019050E0B5F5C06F05D1B3
:10DE000026B99BF8000000909DF80000781C0028BF
:10DE100044D0FBF7D5F9A0EB0A00404502D2B8F197
:10DE2000000F34D12068406820F0E000216848608D
:10DE30006068B0F5827F0DD1A068B0F5004F03D0C7
:10DE4000A068B0F5806F05D12068006820F0400020
:10DE500021680860A06AB0F5005F0DD100BF20689E
:10DE6000006820F40050216808602068006840F4D1
:10DE700000502168086000BF012084F85D0000BFE9
:10DE8000002084F85C0000BF0320BDE8FC9F0198DF
:10DE900008B94FF000080198401E01902068806882
:10DEA0002840B042A9D10020EFE700003400002054
:10DEB0002DE9F84F04460D4690461E46DDF82890A1
:10DEC000FBF77EF9A0EB0900371AFBF779F98246D8
:10DED0002C480068C0F3CB307843009045E0701CBC
:10DEE000002842D0FBF76CF9A0EB0A00B84200D240
:10DEF000A7BB2068406820F0E000216848606068A7
:10DF0000B0F5827F0DD1A068B0F5004F03D0A068B6
:10DF1000B0F5806F05D12068006820F040002168CE
:10DF20000860A06AB0F5005F0DD100BF20680068EE
:10DF300020F40050216808602068006840F4005018
:10DF40002168086000BF012084F85D0000BF002048
:10DF500084F85C0000BF0320BDE8F88FFFE700985D
:10DF600000B900270098401E009020688068284073
:10DF7000A84201D1012000E000204045AFD100209F
:10DF8000EAE7000034000020704710B50246002088
:10DF900003E012F8014B2318D8B20B1EA1F10104C3
:10DFA000E1B2F6D110BD00000146A1F5E0600828FD
:10DFB00025D2DFE800F004080C1014181C201148CA
:10DFC000B0F8880170470F48B0F88A01FAE70D48A9
:10DFD000B0F88C01F6E70B48B0F88E01F2E709487B
:10DFE000B0F89001EEE70748B0F89201EAE705487B
:10DFF000B0F89401E6E7034890F88301E2E74FF6B2
:10E00000FF70DFE7E81700200246A2F5E0600A286B
:10E0100056D2DFE800F0050D151D252D353D454D87
:10E02000012903D10120274B83F886010020704786
:10E03000012903D10220234B83F886010020F6E753
:10E04000012903D103201F4B83F886010020EEE74E
:10E05000012903D104201B4B83F886010020E6E749
:10E06000012903D10520174B83F886010020DEE744
:10E07000012903D10620134B83F886010020D6E73F
:10E08000012903D107200F4B83F886010020CEE73A
:10E09000012903D108200B4B83F886010020C6E735
:10E0A000012903D10920074B83F886010020BEE730
:10E0B000012903D10B20034B83F886010020B6E72A
:10E0C0000120B4E7E817002010B5084C00E0641CFC
:10E0D000207828B120783028F9DB20783928F6DC40
:10E0E0002046F7F74BFB80B210BD000068180020F7
:10E0F00010B56E4890F88001032800DA10BD6B4817
:10E1000090F88001C01E69498031085C2D280DD12E
:10E11000664890F88001801E085C2D2806D163486F
:10E1200090F88001401E085C3E2800D0E6E75F487A
:10E1300090F8840100F0010038B100205B49A1F89B
:10E140008401012081F88301A9E0584890F88401F6
:10E15000C0F34000A8B1554890F880013F2801DD88
:10E160003F2002E0514890F8800102464F4980313B
:10E1700001F58B70F7F779FB00204C49A1F8840179
:10E180008DE04A4890F88401C0F3800040B1FFF769
:10E190009BFF4649A1F888010020A1F884017EE098
:10E1A000424890F88401C0F3C00040B1FFF78CFFF3
:10E1B0003E49A1F88A010020A1F884016FE03B48A4
:10E1C00090F88401C0F3001040B1FFF77DFF37499C
:10E1D000A1F88C010020A1F8840160E0334890F898
:10E1E0008401C0F3401040B1FFF76EFF2F49A1F842
:10E1F0008E010020A1F8840151E02C4890F88401A0
:10E20000C0F3801040B1FFF75FFF2849A1F89001EB
:10E210000020A1F8840142E0244890F88401C0095C
:10E2200040B1FFF751FF2149A1F892010020A1F868
:10E23000840134E01D4890F8850100F0010040B1F0
:10E24000FFF742FF1949A1F894010020A1F88401C9
:10E2500025E0164890F88501C0F3400020B1002069
:10E260001249A1F884011AE0104890F88501C0F322
:10E270008000A0B10D4890F880011F2801DD1F200B
:10E2800002E00A4890F8800102460849803101F511
:10E29000AB70F7F7EAFA00200449A1F884010020E6
:10E2A000024981F8800100BF28E70000E81700203C
:10E2B000F8B505462846F7F76EFAC6B23146284645
:10E2C000FFF763FE07462B4608A280210A48009705
:10E2D000F7F7DAF80446002C07DD802C05DAA1B246
:10E2E0004FF480720448F9F7C5FEF8BD25733C254C
:10E2F0003032583E0D000000E817002010B50446EB
:10E30000654890F8840100F0010038B100206249AE
:10E3100081F8830161A0FFF7CBFF10BD0C2C75D2F3
:10E32000DFE804F00607142434445464758595A589
:10E33000AEE0594890F8840120F00100401C564995
:10E3400081F8840155A0FFF7B3FFA1E000205249F6
:10E3500081F88601084690F8840120F00200801CB4
:10E3600081F884014EA0FFF7A3FF91E000204A4905
:10E3700081F88601084690F8840120F00400001D11
:10E3800081F8840149A0FFF793FF81E00020424912
:10E3900081F88601084690F8840120F008000830D2
:10E3A00081F8840145A0FFF783FF71E000203A491E
:10E3B00081F88601084690F8840120F010001030A2
:10E3C00081F8840141A0FFF773FF61E0002032492A
:10E3D00081F88601084690F8840120F02000203062
:10E3E00081F884013DA0FFF763FF51E000202A4936
:10E3F00081F88601084690F8840120F04000403002
:10E4000081F8840139A0FFF753FF41E03FE000208D
:10E41000214981F88601084690F8840120F08000A7
:10E42000803081F8840135A0FFF742FF30E0002002
:10E43000194981F88601084690F8850120F001000D
:10E44000401C81F8850131A0FFF732FF20E0002059
:10E45000114981F88601084690F8850120F00200F4
:10E46000801C81F885012DA0FFF722FF10E000201D
:10E47000094981F88601084690F8850120F00400DA
:10E48000001D81F8850128A0FFF712FF00E000BF02
:10E4900000BF00BF41E70000E81700200D000000AA
:10E4A000676574707264696E666F00006765746892
:10E4B000616C6C76616C756520310000676574680D
:10E4C000616C6C76616C75652032000067657468FC
:10E4D000616C6C76616C75652033000067657468EB
:10E4E000616C6C76616C75652034000067657468DA
:10E4F000616C6C76616C75652035000067657468C9
:10E50000616C6C76616C75652036000067657468B7
:10E51000616C6C76616C7565203700007365747092
:10E520007264696E666F00007665720070B50246AF
:10E530000B464FF0FF30002110E052F821506840A8
:10E54000002408E000F000461EB1064E86EA4000B6
:10E5500000E04000641C202CF4D3491C9942ECD309
:10E5600070BD0000B71DC10470B52DED028B0446CF
:10E570000D46B0EE408A60212046F7F7E5F9257098
:10E5800084ED018A204600F0C1F8BDEC028B70BD1D
:10E590002DE9F041044694F8590008B1102001E03B
:10E5A00094F85800054615B90020BDE8F0816A00CE
:10E5B00004F1180104F13800F7F757F900211FE0C2
:10E5C000002017E004F1380232F91070431C32F9D0
:10E5D000132097420CDD04F1380333F91020471C57
:10E5E00033F8177023F81070471C23F8172000BF6A
:10E5F000421CD0B26A1E521A8242E3DC481CC1B2ED
:10E60000681E8842DCDC284605EBD071C1F3470662
:10E6100005EBD0714910A5EB410171B9701E04F1F1
:10E62000380232F9102004F1380030F916001118C0
:10E6300001EBD170401000B2B7E704F1380030F9B7
:10E640001600B2E710B52DED028B0446B0EE408AFD
:10E6500084ED018A204600F059F8BDEC028B10BD14
:10E660002DE9F04104460E46A068351AA6602078D0
:10E67000401E012101FA00F7BD4204DD217801208E
:10E6800088402D1A06E07842854203DA217801207D
:10E6900088400544E560208A322804DA208A401C3C
:10E6A0002082BDE8F0813C3454ED0A0A00EE105A95
:10E6B000B8EEC00A20EE800ABDEEC00A10EE100AC5
:10E6C00000B2E083E18B227F3C3C04F1180020F88B
:10E6D000121014F8580F401C207014F85809102814
:10E6E00005DB002084F85800012084F859002046FA
:10E6F000FFF74EFFA4F85C0000BFD2E770B50446F8
:10E700000D462570204600F001F870BD90ED010A1D
:10E71000B5EEC00AF1EE10FA16DD0178002913DD1E
:10E7200002780121914000EE901AF8EE600AB0EEF6
:10E73000600AD0ED010A60EE800A9FED061AC1EE74
:10E74000201AC0ED051A03E09FED030A80ED050ACB
:10E7500070470000C0E1644C0000000010B5FAF7FB
:10E7600035FD10BD00B593B0382105A8F7F7ECF8DA
:10E7700014216846F7F7E8F80020FAF7F7FD0120C2
:10E7800005900004069002200C9003210D910421B5
:10E790000E9155210F91022110911191129105A80E
:10E7A000FBF706FA08B1F9F76DFF0F200090032080
:10E7B0000190002002900390049004216846FBF72A
:10E7C00071F808B1F9F75EFF13B000BD03480068A7
:10E7D00040F47000014908607047000088ED00E0D7
:10E7E00010B5254B1B6823F00103234C2360234BFA
:10E7F000D3ED000AB8EE601ADFED211AC1EE210A4E
:10E8000060EE800AFCEEE00A10EE900A00B90120EA
:10E810000021B0F5803F04D9431E4FF6FF7404EA8F
:10E8200013414B1CB0FBF3F35A1EB2F5803F01D3EA
:10E830004FF6FF72104B2833196093B20E4C2C34F4
:10E84000236000230C4C2434236001230A4C14342D
:10E850002360231F1B6823F00103241F2360231F51
:10E860001B6843F00103241F2360034B1B6843F024
:10E870000103014C236010BD002C01403400002036
:10E880000024744900200C4908600B4814380068C3
:10E8900020F00100084914390860081F006840F0A2
:10E8A0000100091F086004482438006840F0010096
:10E8B0000149243908607047242C0140074800684A
:10E8C00020F001000549086004480C38006820F079
:10E8D000010002490C390860704700000C2C01400F
:10E8E00010B50248FBF7E5FF10BD00002401002031
:10E8F00010B5F9F767F90248FBF7DBFF10BD000020
:10E900007001002010B502682E4B98420ED0B0F175
:10E91000804F0BD02C4B984208D02C4B984205D0FE
:10E920002B4B984202D02B4B984203D122F070021D
:10E930004B681A43234B984217D0B0F1804F14D044
:10E94000214B984211D0214B98420ED0204B984237
:10E950000BD0214B984208D0204B984205D0204B39
:10E96000984202D01B4B984203D122F44072CB68EC
:10E970001A4322F080034C6943EA040202608B6868
:10E98000C3620B6883620F4B98420ED0104B9842C3
:10E990000BD0114B984208D0104B984205D0104B29
:10E9A000984202D00B4B984201D10B6903630123BB
:10E9B0004361036903F001031BB1036923F0010301
:10E9C000036110BD002C014000040040000800401D
:10E9D000003401400050014000400140004401402B
:10E9E0000048014030B50C46816821F47F4142EA7D
:10E9F000032525432943816030BD00000A46816814
:10EA0000034B194042F0070319438160704700002F
:10EA10008FFFCFFF30B50B461446026A056A25F01A
:10EA200001050562816921F0F00141EA041122F03B
:10EA30000A021A438161026230BD30B50B461446AA
:10EA4000026A056A25F010050562816921F47041AA
:10EA500041EA043122F0A00242EA0312816102621B
:10EA600030BD10B5002211461A2000F0F5F910BD96
:10EA70000146A1F5C0600C2832D2DFE800F006099B
:10EA80000C1014171A1E23282B2E17488078704755
:10EA90001548C078FBE714488068000CF7E7124877
:10EAA000008980B2F3E710488089F0E70E480079CA
:10EAB000EDE70D48B0F84803E9E70B48D0F83C0310
:10EAC000000CE4E70848B0F83C0380B2DFE70748F1
:10EAD0004089DCE705488089D9E70448807BD6E790
:10EAE0004FF6FF70D3E70000E01900202C1D002036
:10EAF0000246B2F5C06F07D0A2F2016058B10128FA
:10EB000010D002281CD114E0012902D101200D4BA4
:10EB1000187000207047012902D10420094B187099
:10EB20000020F7E7012902D10220064B18700020CF
:10EB3000F0E7012902D10320024B18700020E9E719
:10EB40000120E7E7E010002010B50D48B0F83803C9
:10EB50000A2813DA00221146622000F07DF90848E5
:10EB6000B0F83803401C81B20548A0F83813B0F85B
:10EB700038030A2802D102200249087010BD0000A3
:10EB8000E0190020E010002010B51C4890F8280083
:10EB9000062820DA194890F826007F2807DA174857
:10EBA00090F826100022EA2000F056F924E01348DD
:10EBB00090F82800401CC1B2104880F8281090F846
:10EBC000282090F82610322000F046F900200B494A
:10EBD00081F8260010E00021084880F8281080F80D
:10EBE00029100020054981F826000021034880F8FB
:10EBF000271005200249087010BD0000E019002010
:10EC0000E01000200220014908707047E010002049
:10EC100070B57E4890F82200012800DA70BD7B486C
:10EC2000847C0025622C7BD004DC022C7CD01A2C46
:10EC300078D104E0C22C79D0EA2CF9D1ADE0734848
:10EC400090F822000B286ADB0A2170481230F9F78D
:10EC50000FFB6E49487108464179007F814201D11E
:10EC6000012000E00020054655B901206749887160
:10EC70000220674908700020644981F82200CDE72E
:10EC800000206249888408464470C07C8870084629
:10EC9000807D01045D48407D41EA00205B49097D9B
:10ECA00008435A4988600846C07DC8700846C17844
:10ECB000012088405549C1F83C030846D0F83C0380
:10ECC0000521B0FBF1F05149C1F8440308468068C2
:10ECD000D1F84413B0FBF1F201FB12004B49C1F82B
:10ECE00040030846D0F840034FF4B4714843474905
:10ECF000D1F84413B0FBF1F0C0F5B4704349A1F86A
:10ED000048030846017E407E41EA00203F49888151
:10ED10000846C07E0871002088713E4948816DE038
:10ED200003E001E069E001E000BF00BF374890F870
:10ED30002200062830DB052134481230F9F798FA12
:10ED40003249487108464179C07D814201D1012094
:10ED500000E00020054655B901202C4988710220A9
:10ED60002B4908700020294981F8220056E700202D
:10ED70002649888408464470C07C88700846807D97
:10ED800001042248407D41EA00202049097D0843D2
:10ED90001E4988600020887130E01C4890F82200ED
:10EDA000042829DB00201949888408464470C07C67
:10EDB00000F07F01154880F8271090F827007F2881
:10EDC00004D11248017D80F8291015E00F4A92F80D
:10EDD000280092F82710062806DA802904DA137D25
:10EDE0002B3202EBC0125354084A92F82620521CD0
:10EDF000064B83F8262000BF00E000BF00BF0020C4
:10EE0000024981F8220000BF08E70000E019002055
:10EE10005B000020E010002010B50D48B0F836036C
:10EE20000A2813DA00221146C22000F015F808481B
:10EE3000B0F83603401C81B20548A0F83613B0F88C
:10EE400036030A2802D102200249087010BD0000D2
:10EE5000E0190020E010002070B504460D4616466B
:10EE60002648808C401C2549888408460470847399
:10EE7000622C11D004DC1A2C07D0322C33D122E0C2
:10EE8000C22C0AD0EA2C2ED10EE00B2201211B4805
:10EE90000E30F9F7EFF827E000BF062201211748EE
:10EEA0000E30F9F7E7F81FE01448C57302210E3061
:10EEB000F9F7DEF911490874042203210F480E30D6
:10EEC000F9F7D8F810E00D48C573067403210E3029
:10EED000F9F7CEF9094948740422114607480E3063
:10EEE000F9F7C8F800E000BF00BF0448808C05288F
:10EEF00002DD01200249087070BD0000E019002009
:10EF00005B00002010B50446062C14D2DFE804F0A4
:10EF10000304070A0D100FE0FFF716FE0CE0FFF7E1
:10EF2000A0FD09E0FFF730FE06E0FFF775FF03E004
:10EF3000FFF768FE00E000BF00BF10BD70B5456E72
:10EF40002DB90125A0F86A50A0F868501CE00823EC
:10EF500008240568AD68C5F342610568AD686A0FAD
:10EF60000A4DAD5C15FB04F5094EB65C95FBF6F554
:10EF7000A0F86A50054D6D5C15FB03F5044E765CF8
:10EF800095FBF6F5A0F8685070BD00000AFE000879
:10EF900012FE000890F8281001F00801082907D196
:10EFA0000168496821F40041826B11430268516095
:10EFB00090F8281001F0010139B10168496821F485
:10EFC0000031C26A11430268516090F8281001F0C4
:10EFD0000201022907D10168496821F48031026BDE
:10EFE00011430268516090F8281001F004010429CF
:10EFF00007D10168496821F48021426B11430268FE
:10F00000516090F8281001F01001102907D1016813
:10F01000896821F48051C26B11430268916090F8B5
:10F02000281001F02001202907D10168896821F406
:10F030000051026C11430268916090F8281001F0B1
:10F040004001402913D10168496821F48011426CC4
:10F05000114302685160416CB1F5801F07D101680E
:10F06000496821F4C001826C11430268516090F834
:10F07000281001F08001802907D10168496821F436
:10F080000021C26C114302685160704738B50446D4
:10F090000020C4F89000FAF793F80546206800684D
:10F0A00000F00800082821D16FF07E402B46002296
:10F0B0004FF400110090204600F09CFAB0B100BF60
:10F0C00000BF216851E8001F21F08000226842E85B
:10F0D00000010029F5D100BF2020C4F8880000BF3E
:10F0E000002084F8840000BF032038BD2068006839
:10F0F00000F00400042830D16FF07E402B4600223F
:10F100004FF480010090204600F074FA28B300BF4D
:10F1100000BF216851E8001F21F49070226842E886
:10F1200000010029F5D100BF00BF00BF21680831F0
:10F1300051E8001F21F001002168083141E8000278
:10F14000002AF3D100BF2020C4F88C0000BF0020AB
:10F1500084F8840000BF0320C7E72020C4F888009B
:10F16000C4F88C000020E066206700BF84F88400AB
:10F1700000BF00BFB9E770B50546AC6A0020A4F82F
:10F180005E00A4F856002046FBF762FD70BD00004B
:10F1900000BF00BF026852E8002F22F4907103689C
:10F1A00043E80012002AF5D100BF00BF00BF02688B
:10F1B000083252E8002F104B02EA030102680832BD
:10F1C00042E80013002BF2D100BFC16E01290CD11F
:10F1D00000BF00BF026852E8002F22F01001036850
:10F1E00043E80012002AF5D100BF2021C0F88C109E
:10F1F0000021C16641677047FEFFFFEF10B504466E
:10F2000000BF00BF216851E8001F21F040002268C4
:10F2100042E800010029F5D100BF2020C4F8880091
:10F220000020A0672046FCF72DF810BD2DE9FE4F09
:10F23000044600200290E4492068884200D100E0A2
:10F2400000BF2169A068084361690843E16940EA99
:10F25000010820680068DD49084040EA080021688C
:10F2600008602068406820F44050E1680843216845
:10F270004860D4F81880D4492068884202D0206AB7
:10F2800040EA080820688068D149084040EA080040
:10F29000216888602068C06A20F00F00616A084316
:10F2A0002168C86200BFCB492068884216D1CA488D
:10F2B000006800F0030030B1012808D0022804D013
:10F2C000032808D105E0012507E0022505E0042513
:10F2D00003E0082501E0102500BF8DE0BF4920684C
:10F2E000884216D1BC48006800F00C0030B10428F8
:10F2F00008D0082804D00C2808D105E0002507E034
:10F30000022505E0042503E0082501E0102500BFE3
:10F3100072E0B3492068884216D1AF48006800F017
:10F32000300030B1102808D0202804D0302808D16F
:10F3300005E0002507E0022505E0042503E0082597
:10F3400001E0102500BF57E0A6492068884216D189
:10F35000A148006800F0C00030B1402808D08028E3
:10F3600004D0C02808D105E0002507E0022505E00B
:10F37000042503E0082501E0102500BF3CE09A4980
:10F380002068884219D19448006800F4407048B160
:10F39000B0F5807F0AD0B0F5007F05D0B0F5407F92
:10F3A00008D105E0002507E0022505E0042503E07B
:10F3B000082501E0102500BF1EE08349206888422F
:10F3C00019D18548006800F4406048B1B0F5806FFD
:10F3D0000AD0B0F5006F05D0B0F5406F08D105E058
:10F3E000002507E0022505E0042503E0082501E0EB
:10F3F000102500BF00E0102500BF73492068884237
:10F400005BD135B1022D08D0042D08D0082D0DD1C7
:10F4100009E0FAF75FFB06460CE0744E0AE0FAF7E3
:10F420007DFB064606E04FF4004603E0002601207F
:10F43000029000BF00BF002E10D06D49606A31F805
:10F440001000B6FBF0F9606800EB4000484503D8B7
:10F4500060680003484502D201200290A8E0644998
:10F46000606A31F810C06246002330461946F5F74D
:10F4700079FF4FF4807C0022A0FB0C3B01FB0CB118
:10F4800000FB02106168490859185041CDE900108D
:10F49000D4F804C06246002308460199F5F762FFDC
:10F4A0000746B7F5407F05D3B7F5801F02D2206825
:10F4B000C7607DE0012002907AE0E069B0F5004F7E
:10F4C0003FD1092D17D2DFE805F005090D160F16FB
:10F4D00016161300FAF7FEFA064610E0FAF70CFBD0
:10F4E00006460CE0414E0AE0FAF718FB064606E035
:10F4F0004FF4004603E000260120029000BF00BF49
:10F5000086B33B49606A31F81000B6FBF0F040006A
:10F51000616800EB5100B0FBF1F7102F0ED3B7F587
:10F52000803F0BD24FF6F07007EA000AC7F34200A3
:10F530004AEA000A2068C0F80CA039E001200290D5
:10F5400036E0092D18D2DFE805F005090E1710176F
:10F5500017171400FAF7BEFA064611E0FAF7CCFACC
:10F5600006460DE024E0214E0AE0FAF7D7FA0646F7
:10F5700006E04FF4004603E000260120029000BFA1
:10F5800000BFAEB11A49606A31F81000B6FBF0F066
:10F59000616800EB5100B0FBF1F7102F06D3B7F50F
:10F5A000803F03D2B8B22168C86001E00120029018
:10F5B0000120A4F86A00A4F8680000206067A06732
:10F5C0000298BDE8FE8F000000800040F369FFCF85
:10F5D000FFF4FF1100380140881002400044004051
:10F5E00000480040004C0040005000400024F4005F
:10F5F000F2FD00082DE9F04104460D4617469846F5
:10F60000069E41E0701C00283ED0F9F7D9FDA0EB22
:10F610000800B04200D816B90320BDE8F081206888
:10F62000006800F0040070B3802D2DD0402D2BD049
:10F630002068C069C0F3C00078B108202168086262
:10F640002046FFF7A5FD0820C4F8900000BF002069
:10F6500084F8840000BF0120DFE72068C069C0F3A0
:10F66000C02080B14FF40060216808622046FFF797
:10F670008FFD2020C4F8900000BF002084F8840093
:10F6800000BF0320C9E7FFE72068C0692840A842FF
:10F6900001D1012000E00020B842B3D00020BCE737
:10F6A00010B53448006800F02000B8B13248B0F816
:10F6B0000002FF2803DD00202F49A1F800022D4998
:10F6C00008310968CAB22C49B1F80002411C2A4B22
:10F6D000A3F8001203F580710A5446E0254800683B
:10F6E00000F04000B0B140202249091D08602148C7
:10F6F0001C38006820F048001E491C3908601F486B
:10F70000F8F766FC00224FF480714FF09040F9F753
:10F7100051FD2AE01748006800F0100028B31020BF
:10F720001449091D08601448B0F80002022811DBD2
:10F730001148B0F80002401E1149085C0A2809D19E
:10F740000D48B0F80002801E085C0D2802D100F0C0
:10F750007FF806E00848B0F80002042801DBFCF757
:10F7600009FB00200449A1F800020448FBF772FAE3
:10F7700010BD00001C38014004040020BC01002022
:10F780000405002010B5F8F743FD0248FBF762FAC4
:10F7900010BD00005002002000BFFEE710B5044677
:10F7A000012211024FF09040F9F704FD0D48006866
:10F7B00040F008000B4908600B48C06920F00100C8
:10F7C0000949C8617020486020688862054828306F
:10F7D0004862207908620846C06940F00100C861AB
:10F7E00010BD000000380140000002400FB408B511
:10F7F00000BF1448006A0028FBD103A800904FF412
:10F8000000711148009B029AF5F724FE0020009039
:10F810000D480E49C1F80402F5F7BDFFC1B20B480F
:10F8200080F8081200F50170FFF7B8FF00BF4FF035
:10F830009040406900F480700028F8D101B05DF874
:10F8400014FB000000000240100600200404002009
:10F8500010B50A48F8F7A5FB00220948B0F80002E5
:10F86000801E08490A540648B0F80002401E0A5497
:10F870000120034981F8020210BD0000BC010020F4
:10F8800004040020040500202DE9F04F85B07FA17D
:10F890008248F6F781F800284BD10820FEF7E6F9F8
:10F8A00008B17FA000E07FA004460720FEF7DEF944
:10F8B00008B17BA000E07BA005460620FEF7D6F944
:10F8C00008B177A000E077A006460520FEF7CEF944
:10F8D00008B173A000E073A007460420FEF7C6F944
:10F8E00008B16FA000E06FA080460320FEF7BEF9CC
:10F8F00008B16BA000E06BA081460220FEF7B6F9CC
:10F9000008B167A000E067A082460120FEF7AEF9CB
:10F9100008B163A000E063A083464B4652465946B7
:10F9200061A0CDE90087CDE902650494FFF75EFF91
:10F93000A4E06BA15948F6F72FF8A0B96BA0FFF728
:10F9400055FF9FED6F0B53EC102B6FA0FFF74EFF91
:10F950009FED6B0B53EC102B6EA0FFF747FF75A0CC
:10F96000FFF744FF8AE078A14C48F6F715F810B984
:10F97000FBF78CFC82E078A14848F6F70DF838B91F
:10F980009FED5F0B53EC102B78A0FFF72FFF75E076
:10F990007CA14248F6F700F828B9FEF75CF97CA094
:10F9A000FFF724FF6AE07CA13C48F5F7F5FF28B992
:10F9B000FEF746F976A0FFF719FF5FE07AA1374816
:10F9C000F5F7EAFF20B97C497CA0FFF70FFF55E06F
:10F9D0007BA13248F5F7E0FF28B97749403177A09D
:10F9E000FFF704FF4AE079A12C48F5F7D5FF28B9C5
:10F9F000FEF764FF66A0FFF7F9FE3FE0052277A15E
:10FA00002648F5F7E7FE00BB7648B0F80002082864
:10FA100011DB744890F805013038734988707348D9
:10FA200090F8E80220F00400704981F8E80258A03C
:10FA3000FFF7DCFE22E06D4890F8E80220F00400B9
:10FA4000001D6A4981F8E80218E069A11348F5F73A
:10FA5000A3FF28B964490C3158A0FFF7C7FE0DE099
:10FA600066A10E48F5F798FF28B95F491C3153A0ED
:10FA7000FFF7BCFE02E06448F8F7AAFA4FF4807181
:10FA80000648F5F761FF05B0BDE8F08F426F61727F
:10FA90006420537461747573000000000405002035
:10FAA0004F4E00004F46460052656C61793A204B3C
:10FAB000313A2573204B323A2573204B333A257364
:10FAC000204B343A2573204B353A2573204B363A78
:10FAD0002573204B373A2573204B383A25730A009B
:10FAE000426F61726420496E666F00004D43553A63
:10FAF0002053544D333247343931434355360A008D
:10FB0000000000000000F03F46573A205625302EF6
:10FB100031660A0048573A20456E636F646572206B
:10FB200046435420426F617264205625302E316660
:10FB30000A0000004B312D4B38202D3E2050413023
:10FB40002D5041370A0000004669726D7761726579
:10FB500020557064617465004669726D77617265E5
:10FB60002076657273696F6E0000000053544D3348
:10FB70003247345F4150505F4643545F25302E3149
:10FB8000660D0A0052656C617920416C6C4F6E0005
:10FB90004F4B0D0A0000000052656C617920416CEA
:10FBA0006C4F666600000000476574507264496ED1
:10FBB000666F4461746100007E19002025730000A7
:10FBC000476574564552446174610000456E636F29
:10FBD000646572506F7765724F666600534E3A44A3
:10FBE0004C00000004040020E01000201008002059
:10FBF00047657448575265760000000047657446B3
:10FC00005752657600000000BC01002003B4019843
:10FC10004100009850EAC12018BF04204A0D18BFC7
:10FC200040F0010040F2FF72B2EB515F08BF40F0BC
:10FC30000200012808BF052002B070470248006892
:10FC4000C0F30220704700000CED00E010B5002862
:10FC500004DB0A07130E054A135406E00A07140EC4
:10FC6000034A00F00F031B1FD45410BD00E400E052
:10FC700018ED00E030380A2801D20120704700203A
:10FC800070470000F0B503464FF0E026B1690E4E14
:10FC900036680E4FB6FBF7F606FB03F44FF0E0268E
:10FCA0007669751C00220BE04FF0E026B0698842AF
:10FCB00002D80E1A324402E02E1A0E443244014693
:10FCC000A242F1D3F0BD00003400002040420F00FA
:10FCD000F9F788FAFEF746FDF7F702FAFBF7E6FDBB
:10FCE000FBF7A4FDFBF70AFFFBF77EFEFBF7A6FE82
:10FCF000FBF73EFFFBF7DCFE00F028F8FDF7A0FF66
:10FD0000FDF74CFFF7F794FD0C48FAF7DFFC13E022
:10FD10000B4890F8020228B10020094981F802023C
:10FD2000FFF7B2FD0748006830B1002005490860C0
:10FD300005480078F8F724F8EAE700007001002091
:10FD400004040020000000200400002010B50B482F
:10FD5000006840F08000094908600948C06940F027
:10FD600002000749C861002289154FF09040F9F759
:10FD700021FA08200349086010BD0000083801403E
:10FD8000000002402804004810B500290AD0087875
:10FD9000002807D005487844F5F7FEFD002801D07B
:10FDA000002010BD0248784410BD0000220200006F
:10FDB0001A02000010B500290AD00878002807D0E0
:10FDC00005487844F5F7E8FD002801D0002010BD73
:10FDD0000248784410BD000006030000FE02000047
:10FDE0004FF04070E1EE100A7047F6F77DB9F6F774
:10FDF000B1BA010002000400060008000A000C006D
:10FE000010002000400080000001010101030701F3
:10FE100000000804020408010101000000000000C5
:10FE200000000102030406070809000000000102A7
:10FE3000030400000100020004000800100020007C
:10FE4000400080000000004800000048000000481A
:10FE50000000004800000048000000480000004882
:10FE600000000048C0F9A4B0999282F8809088837D
:10FE7000C6A1868EBFFF89C78C86F7AF8792A3ABDA
:10FE8000010204081000000000F0030800F8030855
:10FE900000F0030800F803083031323334353637C8
:10FEA00038394142434445464030580030313233BE
:10FEB00034353637383961626364656640307800BE
:10FEC0000400000800000000000000020001000023
:10FED000100000000000000000000000303132334C
:10FEE000343536373839616263646566787000305E
:10FEF0003132333435363738394142434445465838
:10FF00005000000002400000000000A000000000BF
:10FF100005400000000000C8000000000C40000088
:10FF20000000409C00000000194000000020BCBE02
:10FF30000000000034400000BFC91B8E0000000418
:10FF4000B5400000504BCFD06607E2CF0100000063
:10FF50006C4100003E8251AADFEEA7340100000090
:10FF6000D9420000DCB5A0E23A301F97FFFFFFFF47
:10FF7000B4450000FD25A0C8E9A3C14FFFFFFFFF66
:10FF8000FF3F00000000008000000000FF3F000075
:10FF90000000008000000000E400010800000020D4
:10FFA00060000000145200084401010860000020B5
:10FFB000C823000030520008100100004300000078
:10FFC000F8FFFFFF0040404040404040404041417A
:10FFD000414141404040404040404040404040401E
:10FFE00040404040400502020202020202020202B8
:10FFF00002020202022020202020202020202002B5
:020000040801F1
:100000000202020202029090909090901010101044
:1000100010101010101010101010101010101010E0
:100020000202020202028888888888880808080874
:100030000808080808080808080808080808080840
:100040000202020240000000000000000000000068
:1000500000000000000000000000000000000000A0
:100060000000000000000000000000000000000090
:100070000000000000000000000000000000000080
:100080000000000000000000000000000000000070
:100090000000000000000000000000000000000060
:1000A0000000000000000000000000000000000050
:1000B0000000000000000000000000000000000040
:1000C00000000000000000001C00000043000000D1
:1000D000F8FFFFFF0C0000000E0000000F00000002
:1000E0002E000000000000000000000000000000E2
:1000F00010000000010000000000000000000000EF
:1001000000000000000000000100000000000000EE
:1001100000000000000000000024F40000000000C7
:10012000000000000000000000000000A0252600E4
:1001300000007A4200000000000000000000000003
:0401400000000000BB
:04000005080051D9C5
:00000001FF
